mean_fit_time,std_fit_time,mean_score_time,std_score_time,param_clf__C,param_clf__degree,param_clf__gamma,param_clf__kernel,param_feature_selector__feature_set,params,split0_test_weighted_f1,split1_test_weighted_f1,split2_test_weighted_f1,split3_test_weighted_f1,mean_test_weighted_f1,std_test_weighted_f1,rank_test_weighted_f1,split0_test_acc,split1_test_acc,split2_test_acc,split3_test_acc,mean_test_acc,std_test_acc,rank_test_acc
0.013942301273345947,0.0013234222577461275,0.006850123405456543,0.0008413113413087253,0.1,2,scale,rbf,basic,"{'clf__C': 0.1, 'clf__degree': 2, 'clf__gamma': 'scale', 'clf__kernel': 'rbf', 'feature_selector__feature_set': 'basic'}",0.45,0.8510072468585864,0.5952380952380952,0.5333333333333333,0.6073946688575037,0.14979405332562828,113,0.6,0.898876404494382,0.7142857142857143,0.6666666666666666,0.7199571963616908,0.1109885785361504,95
0.013010382652282715,0.001134330913077205,0.006413578987121582,0.0006297629999743827,0.1,2,scale,rbf,cleaned,"{'clf__C': 0.1, 'clf__degree': 2, 'clf__gamma': 'scale', 'clf__kernel': 'rbf', 'feature_selector__feature_set': 'cleaned'}",0.45,0.8510072468585864,0.5952380952380952,0.5333333333333333,0.6073946688575037,0.14979405332562828,113,0.6,0.898876404494382,0.7142857142857143,0.6666666666666666,0.7199571963616908,0.1109885785361504,95
0.013851761817932129,0.0010472945882153792,0.006933271884918213,0.0010069585384866017,0.1,2,scale,rbf,cleaned+speed,"{'clf__C': 0.1, 'clf__degree': 2, 'clf__gamma': 'scale', 'clf__kernel': 'rbf', 'feature_selector__feature_set': 'cleaned+speed'}",0.45,0.8510072468585864,0.5952380952380952,0.5333333333333333,0.6073946688575037,0.14979405332562828,113,0.6,0.898876404494382,0.7142857142857143,0.6666666666666666,0.7199571963616908,0.1109885785361504,95
0.011113405227661133,0.0010989372481265444,0.005193471908569336,0.0005425373632267201,0.1,2,scale,rbf,invariant,"{'clf__C': 0.1, 'clf__degree': 2, 'clf__gamma': 'scale', 'clf__kernel': 'rbf', 'feature_selector__feature_set': 'invariant'}",0.45,0.8510072468585864,0.5952380952380952,0.5333333333333333,0.6073946688575037,0.14979405332562828,113,0.6,0.898876404494382,0.7142857142857143,0.6666666666666666,0.7199571963616908,0.1109885785361504,95
0.0112379789352417,0.00048023818501688643,0.005849957466125488,0.0006674495759283587,0.1,2,scale,rbf,cleaned_invariant,"{'clf__C': 0.1, 'clf__degree': 2, 'clf__gamma': 'scale', 'clf__kernel': 'rbf', 'feature_selector__feature_set': 'cleaned_invariant'}",0.45,0.8510072468585864,0.5952380952380952,0.5333333333333333,0.6073946688575037,0.14979405332562828,113,0.6,0.898876404494382,0.7142857142857143,0.6666666666666666,0.7199571963616908,0.1109885785361504,95
0.01242518424987793,0.0017083354775343956,0.005642533302307129,0.00041117793194924524,0.1,2,scale,rbf,cleaned_invariant+speed,"{'clf__C': 0.1, 'clf__degree': 2, 'clf__gamma': 'scale', 'clf__kernel': 'rbf', 'feature_selector__feature_set': 'cleaned_invariant+speed'}",0.45,0.8510072468585864,0.5952380952380952,0.5333333333333333,0.6073946688575037,0.14979405332562828,113,0.6,0.898876404494382,0.7142857142857143,0.6666666666666666,0.7199571963616908,0.1109885785361504,95
0.013778746128082275,0.00039234297765443517,0.0065155029296875,0.0009607573571626573,0.1,2,scale,poly,basic,"{'clf__C': 0.1, 'clf__degree': 2, 'clf__gamma': 'scale', 'clf__kernel': 'poly', 'feature_selector__feature_set': 'basic'}",0.45,0.8510072468585864,0.5952380952380952,0.5333333333333333,0.6073946688575037,0.14979405332562828,113,0.6,0.898876404494382,0.7142857142857143,0.6666666666666666,0.7199571963616908,0.1109885785361504,95
0.013132274150848389,0.0012733196321925682,0.005999088287353516,0.00036800921354800115,0.1,2,scale,poly,cleaned,"{'clf__C': 0.1, 'clf__degree': 2, 'clf__gamma': 'scale', 'clf__kernel': 'poly', 'feature_selector__feature_set': 'cleaned'}",0.45,0.8510072468585864,0.5952380952380952,0.5333333333333333,0.6073946688575037,0.14979405332562828,113,0.6,0.898876404494382,0.7142857142857143,0.6666666666666666,0.7199571963616908,0.1109885785361504,95
0.01357203722000122,0.00116932360370508,0.005971014499664307,0.00030926195476592736,0.1,2,scale,poly,cleaned+speed,"{'clf__C': 0.1, 'clf__degree': 2, 'clf__gamma': 'scale', 'clf__kernel': 'poly', 'feature_selector__feature_set': 'cleaned+speed'}",0.45,0.8510072468585864,0.5952380952380952,0.5333333333333333,0.6073946688575037,0.14979405332562828,113,0.6,0.898876404494382,0.7142857142857143,0.6666666666666666,0.7199571963616908,0.1109885785361504,95
0.010684072971343994,0.0008442618751696315,0.005008220672607422,0.0003024127516336277,0.1,2,scale,poly,invariant,"{'clf__C': 0.1, 'clf__degree': 2, 'clf__gamma': 'scale', 'clf__kernel': 'poly', 'feature_selector__feature_set': 'invariant'}",0.45,0.8510072468585864,0.5952380952380952,0.5333333333333333,0.6073946688575037,0.14979405332562828,113,0.6,0.898876404494382,0.7142857142857143,0.6666666666666666,0.7199571963616908,0.1109885785361504,95
0.010529935359954834,0.0008774324325056926,0.00490337610244751,0.0003886291722333705,0.1,2,scale,poly,cleaned_invariant,"{'clf__C': 0.1, 'clf__degree': 2, 'clf__gamma': 'scale', 'clf__kernel': 'poly', 'feature_selector__feature_set': 'cleaned_invariant'}",0.45,0.8510072468585864,0.5952380952380952,0.5333333333333333,0.6073946688575037,0.14979405332562828,113,0.6,0.898876404494382,0.7142857142857143,0.6666666666666666,0.7199571963616908,0.1109885785361504,95
0.01084071397781372,0.0008566049977524729,0.00515902042388916,0.0002339269315536412,0.1,2,scale,poly,cleaned_invariant+speed,"{'clf__C': 0.1, 'clf__degree': 2, 'clf__gamma': 'scale', 'clf__kernel': 'poly', 'feature_selector__feature_set': 'cleaned_invariant+speed'}",0.45,0.8510072468585864,0.5952380952380952,0.5333333333333333,0.6073946688575037,0.14979405332562828,113,0.6,0.898876404494382,0.7142857142857143,0.6666666666666666,0.7199571963616908,0.1109885785361504,95
0.01336812973022461,0.001334596557849623,0.006471157073974609,0.000596430630848516,0.1,2,auto,rbf,basic,"{'clf__C': 0.1, 'clf__degree': 2, 'clf__gamma': 'auto', 'clf__kernel': 'rbf', 'feature_selector__feature_set': 'basic'}",0.45,0.8510072468585864,0.5952380952380952,0.5333333333333333,0.6073946688575037,0.14979405332562828,113,0.6,0.898876404494382,0.7142857142857143,0.6666666666666666,0.7199571963616908,0.1109885785361504,95
0.012956023216247559,0.0008232203499060855,0.006541788578033447,0.000884711360912039,0.1,2,auto,rbf,cleaned,"{'clf__C': 0.1, 'clf__degree': 2, 'clf__gamma': 'auto', 'clf__kernel': 'rbf', 'feature_selector__feature_set': 'cleaned'}",0.45,0.8510072468585864,0.5952380952380952,0.5333333333333333,0.6073946688575037,0.14979405332562828,113,0.6,0.898876404494382,0.7142857142857143,0.6666666666666666,0.7199571963616908,0.1109885785361504,95
0.015965044498443604,0.005314236084934084,0.0065882205963134766,0.0006692770488531893,0.1,2,auto,rbf,cleaned+speed,"{'clf__C': 0.1, 'clf__degree': 2, 'clf__gamma': 'auto', 'clf__kernel': 'rbf', 'feature_selector__feature_set': 'cleaned+speed'}",0.45,0.8510072468585864,0.5952380952380952,0.5333333333333333,0.6073946688575037,0.14979405332562828,113,0.6,0.898876404494382,0.7142857142857143,0.6666666666666666,0.7199571963616908,0.1109885785361504,95
0.010569512844085693,0.000806256470918224,0.0061449408531188965,0.002098713919463127,0.1,2,auto,rbf,invariant,"{'clf__C': 0.1, 'clf__degree': 2, 'clf__gamma': 'auto', 'clf__kernel': 'rbf', 'feature_selector__feature_set': 'invariant'}",0.45,0.8510072468585864,0.5952380952380952,0.5333333333333333,0.6073946688575037,0.14979405332562828,113,0.6,0.898876404494382,0.7142857142857143,0.6666666666666666,0.7199571963616908,0.1109885785361504,95
0.01083076000213623,0.0006037740571946523,0.005836427211761475,0.00041374284565160867,0.1,2,auto,rbf,cleaned_invariant,"{'clf__C': 0.1, 'clf__degree': 2, 'clf__gamma': 'auto', 'clf__kernel': 'rbf', 'feature_selector__feature_set': 'cleaned_invariant'}",0.45,0.8510072468585864,0.5952380952380952,0.5333333333333333,0.6073946688575037,0.14979405332562828,113,0.6,0.898876404494382,0.7142857142857143,0.6666666666666666,0.7199571963616908,0.1109885785361504,95
0.011316299438476562,0.0009523621860676745,0.006065428256988525,0.0010796278979663487,0.1,2,auto,rbf,cleaned_invariant+speed,"{'clf__C': 0.1, 'clf__degree': 2, 'clf__gamma': 'auto', 'clf__kernel': 'rbf', 'feature_selector__feature_set': 'cleaned_invariant+speed'}",0.45,0.8510072468585864,0.5952380952380952,0.5333333333333333,0.6073946688575037,0.14979405332562828,113,0.6,0.898876404494382,0.7142857142857143,0.6666666666666666,0.7199571963616908,0.1109885785361504,95
0.012902617454528809,0.0018258434020335806,0.005588114261627197,0.0003592087603238097,0.1,2,auto,poly,basic,"{'clf__C': 0.1, 'clf__degree': 2, 'clf__gamma': 'auto', 'clf__kernel': 'poly', 'feature_selector__feature_set': 'basic'}",0.45,0.8510072468585864,0.5952380952380952,0.5333333333333333,0.6073946688575037,0.14979405332562828,113,0.6,0.898876404494382,0.7142857142857143,0.6666666666666666,0.7199571963616908,0.1109885785361504,95
0.01304095983505249,0.001153599454246407,0.006605267524719238,0.0006768978593836969,0.1,2,auto,poly,cleaned,"{'clf__C': 0.1, 'clf__degree': 2, 'clf__gamma': 'auto', 'clf__kernel': 'poly', 'feature_selector__feature_set': 'cleaned'}",0.45,0.8510072468585864,0.5952380952380952,0.5333333333333333,0.6073946688575037,0.14979405332562828,113,0.6,0.898876404494382,0.7142857142857143,0.6666666666666666,0.7199571963616908,0.1109885785361504,95
0.013208746910095215,0.0011444890036658676,0.006101787090301514,0.00033688955981962457,0.1,2,auto,poly,cleaned+speed,"{'clf__C': 0.1, 'clf__degree': 2, 'clf__gamma': 'auto', 'clf__kernel': 'poly', 'feature_selector__feature_set': 'cleaned+speed'}",0.45,0.8510072468585864,0.5952380952380952,0.5333333333333333,0.6073946688575037,0.14979405332562828,113,0.6,0.898876404494382,0.7142857142857143,0.6666666666666666,0.7199571963616908,0.1109885785361504,95
0.010708510875701904,0.0008859562760468687,0.004647493362426758,0.00027768268105707387,0.1,2,auto,poly,invariant,"{'clf__C': 0.1, 'clf__degree': 2, 'clf__gamma': 'auto', 'clf__kernel': 'poly', 'feature_selector__feature_set': 'invariant'}",0.45,0.8510072468585864,0.5952380952380952,0.5333333333333333,0.6073946688575037,0.14979405332562828,113,0.6,0.898876404494382,0.7142857142857143,0.6666666666666666,0.7199571963616908,0.1109885785361504,95
0.010758280754089355,0.0012306142288706695,0.004872381687164307,0.00026416129656638756,0.1,2,auto,poly,cleaned_invariant,"{'clf__C': 0.1, 'clf__degree': 2, 'clf__gamma': 'auto', 'clf__kernel': 'poly', 'feature_selector__feature_set': 'cleaned_invariant'}",0.45,0.8510072468585864,0.5952380952380952,0.5333333333333333,0.6073946688575037,0.14979405332562828,113,0.6,0.898876404494382,0.7142857142857143,0.6666666666666666,0.7199571963616908,0.1109885785361504,95
0.010846197605133057,0.0006041338468812006,0.005031764507293701,0.00036803390249633985,0.1,2,auto,poly,cleaned_invariant+speed,"{'clf__C': 0.1, 'clf__degree': 2, 'clf__gamma': 'auto', 'clf__kernel': 'poly', 'feature_selector__feature_set': 'cleaned_invariant+speed'}",0.45,0.8510072468585864,0.5952380952380952,0.5333333333333333,0.6073946688575037,0.14979405332562828,113,0.6,0.898876404494382,0.7142857142857143,0.6666666666666666,0.7199571963616908,0.1109885785361504,95
0.013818740844726562,0.0014480775423168339,0.00649648904800415,0.0005774627277498316,0.1,3,scale,rbf,basic,"{'clf__C': 0.1, 'clf__degree': 3, 'clf__gamma': 'scale', 'clf__kernel': 'rbf', 'feature_selector__feature_set': 'basic'}",0.45,0.8510072468585864,0.5952380952380952,0.5333333333333333,0.6073946688575037,0.14979405332562828,113,0.6,0.898876404494382,0.7142857142857143,0.6666666666666666,0.7199571963616908,0.1109885785361504,95
0.013378620147705078,0.0010103535918584217,0.006587564945220947,0.0006720655927853656,0.1,3,scale,rbf,cleaned,"{'clf__C': 0.1, 'clf__degree': 3, 'clf__gamma': 'scale', 'clf__kernel': 'rbf', 'feature_selector__feature_set': 'cleaned'}",0.45,0.8510072468585864,0.5952380952380952,0.5333333333333333,0.6073946688575037,0.14979405332562828,113,0.6,0.898876404494382,0.7142857142857143,0.6666666666666666,0.7199571963616908,0.1109885785361504,95
0.015152454376220703,0.004295843553792872,0.0077304840087890625,0.0022496560855605535,0.1,3,scale,rbf,cleaned+speed,"{'clf__C': 0.1, 'clf__degree': 3, 'clf__gamma': 'scale', 'clf__kernel': 'rbf', 'feature_selector__feature_set': 'cleaned+speed'}",0.45,0.8510072468585864,0.5952380952380952,0.5333333333333333,0.6073946688575037,0.14979405332562828,113,0.6,0.898876404494382,0.7142857142857143,0.6666666666666666,0.7199571963616908,0.1109885785361504,95
0.011593818664550781,0.0008521069843935111,0.005652189254760742,0.0005300108559159302,0.1,3,scale,rbf,invariant,"{'clf__C': 0.1, 'clf__degree': 3, 'clf__gamma': 'scale', 'clf__kernel': 'rbf', 'feature_selector__feature_set': 'invariant'}",0.45,0.8510072468585864,0.5952380952380952,0.5333333333333333,0.6073946688575037,0.14979405332562828,113,0.6,0.898876404494382,0.7142857142857143,0.6666666666666666,0.7199571963616908,0.1109885785361504,95
0.011231839656829834,0.0009118278952396731,0.005311191082000732,0.0004767088233089102,0.1,3,scale,rbf,cleaned_invariant,"{'clf__C': 0.1, 'clf__degree': 3, 'clf__gamma': 'scale', 'clf__kernel': 'rbf', 'feature_selector__feature_set': 'cleaned_invariant'}",0.45,0.8510072468585864,0.5952380952380952,0.5333333333333333,0.6073946688575037,0.14979405332562828,113,0.6,0.898876404494382,0.7142857142857143,0.6666666666666666,0.7199571963616908,0.1109885785361504,95
0.011128246784210205,0.0005253371307127338,0.005326032638549805,0.0005805970687277033,0.1,3,scale,rbf,cleaned_invariant+speed,"{'clf__C': 0.1, 'clf__degree': 3, 'clf__gamma': 'scale', 'clf__kernel': 'rbf', 'feature_selector__feature_set': 'cleaned_invariant+speed'}",0.45,0.8510072468585864,0.5952380952380952,0.5333333333333333,0.6073946688575037,0.14979405332562828,113,0.6,0.898876404494382,0.7142857142857143,0.6666666666666666,0.7199571963616908,0.1109885785361504,95
0.013715684413909912,0.0022710193182000544,0.006211042404174805,0.00046966599292008586,0.1,3,scale,poly,basic,"{'clf__C': 0.1, 'clf__degree': 3, 'clf__gamma': 'scale', 'clf__kernel': 'poly', 'feature_selector__feature_set': 'basic'}",0.45,0.8510072468585864,0.5952380952380952,0.5151515151515151,0.6028492143120492,0.15222853461554803,191,0.6,0.898876404494382,0.7142857142857143,0.6296296296296297,0.7106979371024316,0.11645826665627787,171
0.01275181770324707,0.0008535610727440293,0.006467938423156738,0.0014864189105261395,0.1,3,scale,poly,cleaned,"{'clf__C': 0.1, 'clf__degree': 3, 'clf__gamma': 'scale', 'clf__kernel': 'poly', 'feature_selector__feature_set': 'cleaned'}",0.45,0.8510072468585864,0.5952380952380952,0.5151515151515151,0.6028492143120492,0.15222853461554803,191,0.6,0.898876404494382,0.7142857142857143,0.6296296296296297,0.7106979371024316,0.11645826665627787,171
0.016416966915130615,0.0017578877050740357,0.006113588809967041,0.000531282232227257,0.1,3,scale,poly,cleaned+speed,"{'clf__C': 0.1, 'clf__degree': 3, 'clf__gamma': 'scale', 'clf__kernel': 'poly', 'feature_selector__feature_set': 'cleaned+speed'}",0.45,0.8510072468585864,0.5952380952380952,0.5151515151515151,0.6028492143120492,0.15222853461554803,191,0.6,0.898876404494382,0.7142857142857143,0.6296296296296297,0.7106979371024316,0.11645826665627787,171
0.01044553518295288,0.000804661121631761,0.005671441555023193,0.0009797512845847976,0.1,3,scale,poly,invariant,"{'clf__C': 0.1, 'clf__degree': 3, 'clf__gamma': 'scale', 'clf__kernel': 'poly', 'feature_selector__feature_set': 'invariant'}",0.45,0.8510072468585864,0.5952380952380952,0.5333333333333333,0.6073946688575037,0.14979405332562828,113,0.6,0.898876404494382,0.7142857142857143,0.6666666666666666,0.7199571963616908,0.1109885785361504,95
0.011064410209655762,0.000779860402683999,0.00613248348236084,0.0014284385573192684,0.1,3,scale,poly,cleaned_invariant,"{'clf__C': 0.1, 'clf__degree': 3, 'clf__gamma': 'scale', 'clf__kernel': 'poly', 'feature_selector__feature_set': 'cleaned_invariant'}",0.45,0.8510072468585864,0.5952380952380952,0.5333333333333333,0.6073946688575037,0.14979405332562828,113,0.6,0.898876404494382,0.7142857142857143,0.6666666666666666,0.7199571963616908,0.1109885785361504,95
0.010756492614746094,0.000867745651357954,0.005816817283630371,0.0015095029872045191,0.1,3,scale,poly,cleaned_invariant+speed,"{'clf__C': 0.1, 'clf__degree': 3, 'clf__gamma': 'scale', 'clf__kernel': 'poly', 'feature_selector__feature_set': 'cleaned_invariant+speed'}",0.45,0.8510072468585864,0.5952380952380952,0.5333333333333333,0.6073946688575037,0.14979405332562828,113,0.6,0.898876404494382,0.7142857142857143,0.6666666666666666,0.7199571963616908,0.1109885785361504,95
0.016288816928863525,0.0030495966414024246,0.007880151271820068,0.0024443856210888486,0.1,3,auto,rbf,basic,"{'clf__C': 0.1, 'clf__degree': 3, 'clf__gamma': 'auto', 'clf__kernel': 'rbf', 'feature_selector__feature_set': 'basic'}",0.45,0.8510072468585864,0.5952380952380952,0.5333333333333333,0.6073946688575037,0.14979405332562828,113,0.6,0.898876404494382,0.7142857142857143,0.6666666666666666,0.7199571963616908,0.1109885785361504,95
0.018072545528411865,0.004727858014511066,0.008821487426757812,0.0017136917726324108,0.1,3,auto,rbf,cleaned,"{'clf__C': 0.1, 'clf__degree': 3, 'clf__gamma': 'auto', 'clf__kernel': 'rbf', 'feature_selector__feature_set': 'cleaned'}",0.45,0.8510072468585864,0.5952380952380952,0.5333333333333333,0.6073946688575037,0.14979405332562828,113,0.6,0.898876404494382,0.7142857142857143,0.6666666666666666,0.7199571963616908,0.1109885785361504,95
0.015060007572174072,0.0030485843123381723,0.006941080093383789,0.0008255716423909427,0.1,3,auto,rbf,cleaned+speed,"{'clf__C': 0.1, 'clf__degree': 3, 'clf__gamma': 'auto', 'clf__kernel': 'rbf', 'feature_selector__feature_set': 'cleaned+speed'}",0.45,0.8510072468585864,0.5952380952380952,0.5333333333333333,0.6073946688575037,0.14979405332562828,113,0.6,0.898876404494382,0.7142857142857143,0.6666666666666666,0.7199571963616908,0.1109885785361504,95
0.01237630844116211,0.003034203662535839,0.005791425704956055,0.0009282979621657706,0.1,3,auto,rbf,invariant,"{'clf__C': 0.1, 'clf__degree': 3, 'clf__gamma': 'auto', 'clf__kernel': 'rbf', 'feature_selector__feature_set': 'invariant'}",0.45,0.8510072468585864,0.5952380952380952,0.5333333333333333,0.6073946688575037,0.14979405332562828,113,0.6,0.898876404494382,0.7142857142857143,0.6666666666666666,0.7199571963616908,0.1109885785361504,95
0.012115061283111572,0.001257576333858565,0.005544185638427734,0.0005250973405554199,0.1,3,auto,rbf,cleaned_invariant,"{'clf__C': 0.1, 'clf__degree': 3, 'clf__gamma': 'auto', 'clf__kernel': 'rbf', 'feature_selector__feature_set': 'cleaned_invariant'}",0.45,0.8510072468585864,0.5952380952380952,0.5333333333333333,0.6073946688575037,0.14979405332562828,113,0.6,0.898876404494382,0.7142857142857143,0.6666666666666666,0.7199571963616908,0.1109885785361504,95
0.012389540672302246,0.0025229991417259016,0.005878746509552002,0.0006839459755725357,0.1,3,auto,rbf,cleaned_invariant+speed,"{'clf__C': 0.1, 'clf__degree': 3, 'clf__gamma': 'auto', 'clf__kernel': 'rbf', 'feature_selector__feature_set': 'cleaned_invariant+speed'}",0.45,0.8510072468585864,0.5952380952380952,0.5333333333333333,0.6073946688575037,0.14979405332562828,113,0.6,0.898876404494382,0.7142857142857143,0.6666666666666666,0.7199571963616908,0.1109885785361504,95
0.013972878456115723,0.002339429271607086,0.0076125264167785645,0.0029789834475788843,0.1,3,auto,poly,basic,"{'clf__C': 0.1, 'clf__degree': 3, 'clf__gamma': 'auto', 'clf__kernel': 'poly', 'feature_selector__feature_set': 'basic'}",0.45,0.8510072468585864,0.5952380952380952,0.5151515151515151,0.6028492143120492,0.15222853461554803,191,0.6,0.898876404494382,0.7142857142857143,0.6296296296296297,0.7106979371024316,0.11645826665627787,171
0.012597262859344482,0.0011666495963099026,0.007182300090789795,0.0021766045758599725,0.1,3,auto,poly,cleaned,"{'clf__C': 0.1, 'clf__degree': 3, 'clf__gamma': 'auto', 'clf__kernel': 'poly', 'feature_selector__feature_set': 'cleaned'}",0.45,0.8510072468585864,0.5952380952380952,0.5151515151515151,0.6028492143120492,0.15222853461554803,191,0.6,0.898876404494382,0.7142857142857143,0.6296296296296297,0.7106979371024316,0.11645826665627787,171
0.012756109237670898,0.0011186878568966068,0.008792459964752197,0.0037372776280174633,0.1,3,auto,poly,cleaned+speed,"{'clf__C': 0.1, 'clf__degree': 3, 'clf__gamma': 'auto', 'clf__kernel': 'poly', 'feature_selector__feature_set': 'cleaned+speed'}",0.45,0.8510072468585864,0.5952380952380952,0.5151515151515151,0.6028492143120492,0.15222853461554803,191,0.6,0.898876404494382,0.7142857142857143,0.6296296296296297,0.7106979371024316,0.11645826665627787,171
0.01087278127670288,0.0015362803338882292,0.004921972751617432,0.00020522573388972825,0.1,3,auto,poly,invariant,"{'clf__C': 0.1, 'clf__degree': 3, 'clf__gamma': 'auto', 'clf__kernel': 'poly', 'feature_selector__feature_set': 'invariant'}",0.45,0.8510072468585864,0.5952380952380952,0.5333333333333333,0.6073946688575037,0.14979405332562828,113,0.6,0.898876404494382,0.7142857142857143,0.6666666666666666,0.7199571963616908,0.1109885785361504,95
0.011663496494293213,0.0013897793263724554,0.005988597869873047,0.0020698708559383867,0.1,3,auto,poly,cleaned_invariant,"{'clf__C': 0.1, 'clf__degree': 3, 'clf__gamma': 'auto', 'clf__kernel': 'poly', 'feature_selector__feature_set': 'cleaned_invariant'}",0.45,0.8510072468585864,0.5952380952380952,0.5333333333333333,0.6073946688575037,0.14979405332562828,113,0.6,0.898876404494382,0.7142857142857143,0.6666666666666666,0.7199571963616908,0.1109885785361504,95
0.011389970779418945,0.001966550995408257,0.005318999290466309,0.0004779194678435353,0.1,3,auto,poly,cleaned_invariant+speed,"{'clf__C': 0.1, 'clf__degree': 3, 'clf__gamma': 'auto', 'clf__kernel': 'poly', 'feature_selector__feature_set': 'cleaned_invariant+speed'}",0.45,0.8510072468585864,0.5952380952380952,0.5333333333333333,0.6073946688575037,0.14979405332562828,113,0.6,0.898876404494382,0.7142857142857143,0.6666666666666666,0.7199571963616908,0.1109885785361504,95
0.015005946159362793,0.0029818921830770955,0.006673336029052734,0.0005925616917063738,0.1,4,scale,rbf,basic,"{'clf__C': 0.1, 'clf__degree': 4, 'clf__gamma': 'scale', 'clf__kernel': 'rbf', 'feature_selector__feature_set': 'basic'}",0.45,0.8510072468585864,0.5952380952380952,0.5333333333333333,0.6073946688575037,0.14979405332562828,113,0.6,0.898876404494382,0.7142857142857143,0.6666666666666666,0.7199571963616908,0.1109885785361504,95
0.01678699254989624,0.0025070639438500067,0.006814718246459961,0.000743519682550739,0.1,4,scale,rbf,cleaned,"{'clf__C': 0.1, 'clf__degree': 4, 'clf__gamma': 'scale', 'clf__kernel': 'rbf', 'feature_selector__feature_set': 'cleaned'}",0.45,0.8510072468585864,0.5952380952380952,0.5333333333333333,0.6073946688575037,0.14979405332562828,113,0.6,0.898876404494382,0.7142857142857143,0.6666666666666666,0.7199571963616908,0.1109885785361504,95
0.014187812805175781,0.0018018035310499291,0.007860958576202393,0.0016502525063886381,0.1,4,scale,rbf,cleaned+speed,"{'clf__C': 0.1, 'clf__degree': 4, 'clf__gamma': 'scale', 'clf__kernel': 'rbf', 'feature_selector__feature_set': 'cleaned+speed'}",0.45,0.8510072468585864,0.5952380952380952,0.5333333333333333,0.6073946688575037,0.14979405332562828,113,0.6,0.898876404494382,0.7142857142857143,0.6666666666666666,0.7199571963616908,0.1109885785361504,95
0.016309916973114014,0.00407646545140168,0.0072060227394104,0.0027751214786837742,0.1,4,scale,rbf,invariant,"{'clf__C': 0.1, 'clf__degree': 4, 'clf__gamma': 'scale', 'clf__kernel': 'rbf', 'feature_selector__feature_set': 'invariant'}",0.45,0.8510072468585864,0.5952380952380952,0.5333333333333333,0.6073946688575037,0.14979405332562828,113,0.6,0.898876404494382,0.7142857142857143,0.6666666666666666,0.7199571963616908,0.1109885785361504,95
0.011962473392486572,0.0018623549569097009,0.005459189414978027,0.0004395650317951127,0.1,4,scale,rbf,cleaned_invariant,"{'clf__C': 0.1, 'clf__degree': 4, 'clf__gamma': 'scale', 'clf__kernel': 'rbf', 'feature_selector__feature_set': 'cleaned_invariant'}",0.45,0.8510072468585864,0.5952380952380952,0.5333333333333333,0.6073946688575037,0.14979405332562828,113,0.6,0.898876404494382,0.7142857142857143,0.6666666666666666,0.7199571963616908,0.1109885785361504,95
0.012618720531463623,0.0007761268787893441,0.0066245198249816895,0.0017004974913467448,0.1,4,scale,rbf,cleaned_invariant+speed,"{'clf__C': 0.1, 'clf__degree': 4, 'clf__gamma': 'scale', 'clf__kernel': 'rbf', 'feature_selector__feature_set': 'cleaned_invariant+speed'}",0.45,0.8510072468585864,0.5952380952380952,0.5333333333333333,0.6073946688575037,0.14979405332562828,113,0.6,0.898876404494382,0.7142857142857143,0.6666666666666666,0.7199571963616908,0.1109885785361504,95
0.01542431116104126,0.0014474505370704407,0.006811261177062988,0.0011322968032537958,0.1,4,scale,poly,basic,"{'clf__C': 0.1, 'clf__degree': 4, 'clf__gamma': 'scale', 'clf__kernel': 'poly', 'feature_selector__feature_set': 'basic'}",0.5342657342657343,0.8510072468585864,0.5952380952380952,0.5151515151515151,0.6239156478784827,0.13440585918348677,65,0.64,0.898876404494382,0.7142857142857143,0.6296296296296297,0.7206979371024316,0.10792853714628069,89
0.013728678226470947,0.0016554890869416956,0.005974948406219482,0.0004333615083332165,0.1,4,scale,poly,cleaned,"{'clf__C': 0.1, 'clf__degree': 4, 'clf__gamma': 'scale', 'clf__kernel': 'poly', 'feature_selector__feature_set': 'cleaned'}",0.5342657342657343,0.8510072468585864,0.5952380952380952,0.5151515151515151,0.6239156478784827,0.13440585918348677,65,0.64,0.898876404494382,0.7142857142857143,0.6296296296296297,0.7206979371024316,0.10792853714628069,89
0.017879784107208252,0.004010469387002746,0.006081998348236084,0.0003973792048479659,0.1,4,scale,poly,cleaned+speed,"{'clf__C': 0.1, 'clf__degree': 4, 'clf__gamma': 'scale', 'clf__kernel': 'poly', 'feature_selector__feature_set': 'cleaned+speed'}",0.5342657342657343,0.8510072468585864,0.5952380952380952,0.5151515151515151,0.6239156478784827,0.13440585918348677,65,0.64,0.898876404494382,0.7142857142857143,0.6296296296296297,0.7206979371024316,0.10792853714628069,89
0.010656535625457764,0.001039304877719678,0.0047318339347839355,0.00021920675179449886,0.1,4,scale,poly,invariant,"{'clf__C': 0.1, 'clf__degree': 4, 'clf__gamma': 'scale', 'clf__kernel': 'poly', 'feature_selector__feature_set': 'invariant'}",0.45,0.8510072468585864,0.5795148247978437,0.5333333333333333,0.6034638512474408,0.1502670387686345,185,0.6,0.898876404494382,0.6825396825396826,0.6666666666666666,0.7120206884251828,0.11223837385301644,165
0.012824773788452148,0.0041535752215020065,0.005186200141906738,0.0009770963584347057,0.1,4,scale,poly,cleaned_invariant,"{'clf__C': 0.1, 'clf__degree': 4, 'clf__gamma': 'scale', 'clf__kernel': 'poly', 'feature_selector__feature_set': 'cleaned_invariant'}",0.5342657342657343,0.8510072468585864,0.5795148247978437,0.5333333333333333,0.6245302848138744,0.13208215154067818,59,0.64,0.898876404494382,0.6825396825396826,0.6666666666666666,0.7220206884251829,0.10323293465103967,83
0.011115729808807373,0.00088535074665149,0.004887282848358154,0.00020719276701383564,0.1,4,scale,poly,cleaned_invariant+speed,"{'clf__C': 0.1, 'clf__degree': 4, 'clf__gamma': 'scale', 'clf__kernel': 'poly', 'feature_selector__feature_set': 'cleaned_invariant+speed'}",0.5342657342657343,0.8510072468585864,0.5874499332443258,0.5333333333333333,0.626514061925495,0.1314492281909738,57,0.64,0.898876404494382,0.6984126984126984,0.6666666666666666,0.7259889423934368,0.1019359534157793,57
0.012913644313812256,0.0010609260345812474,0.00668644905090332,0.0007642142441524684,0.1,4,auto,rbf,basic,"{'clf__C': 0.1, 'clf__degree': 4, 'clf__gamma': 'auto', 'clf__kernel': 'rbf', 'feature_selector__feature_set': 'basic'}",0.45,0.8510072468585864,0.5952380952380952,0.5333333333333333,0.6073946688575037,0.14979405332562828,113,0.6,0.898876404494382,0.7142857142857143,0.6666666666666666,0.7199571963616908,0.1109885785361504,95
0.018607795238494873,0.00388079141335384,0.007933557033538818,0.0015464795345814862,0.1,4,auto,rbf,cleaned,"{'clf__C': 0.1, 'clf__degree': 4, 'clf__gamma': 'auto', 'clf__kernel': 'rbf', 'feature_selector__feature_set': 'cleaned'}",0.45,0.8510072468585864,0.5952380952380952,0.5333333333333333,0.6073946688575037,0.14979405332562828,113,0.6,0.898876404494382,0.7142857142857143,0.6666666666666666,0.7199571963616908,0.1109885785361504,95
0.018484532833099365,0.0044725692934233455,0.007782995700836182,0.001653317194187791,0.1,4,auto,rbf,cleaned+speed,"{'clf__C': 0.1, 'clf__degree': 4, 'clf__gamma': 'auto', 'clf__kernel': 'rbf', 'feature_selector__feature_set': 'cleaned+speed'}",0.45,0.8510072468585864,0.5952380952380952,0.5333333333333333,0.6073946688575037,0.14979405332562828,113,0.6,0.898876404494382,0.7142857142857143,0.6666666666666666,0.7199571963616908,0.1109885785361504,95
0.02504754066467285,0.010152564551148312,0.0060645341873168945,0.0009737469748810634,0.1,4,auto,rbf,invariant,"{'clf__C': 0.1, 'clf__degree': 4, 'clf__gamma': 'auto', 'clf__kernel': 'rbf', 'feature_selector__feature_set': 'invariant'}",0.45,0.8510072468585864,0.5952380952380952,0.5333333333333333,0.6073946688575037,0.14979405332562828,113,0.6,0.898876404494382,0.7142857142857143,0.6666666666666666,0.7199571963616908,0.1109885785361504,95
0.010800302028656006,0.0008021306071423594,0.005443215370178223,0.0004900491485739925,0.1,4,auto,rbf,cleaned_invariant,"{'clf__C': 0.1, 'clf__degree': 4, 'clf__gamma': 'auto', 'clf__kernel': 'rbf', 'feature_selector__feature_set': 'cleaned_invariant'}",0.45,0.8510072468585864,0.5952380952380952,0.5333333333333333,0.6073946688575037,0.14979405332562828,113,0.6,0.898876404494382,0.7142857142857143,0.6666666666666666,0.7199571963616908,0.1109885785361504,95
0.013957619667053223,0.0018680064215630566,0.007821321487426758,0.00387742042844675,0.1,4,auto,rbf,cleaned_invariant+speed,"{'clf__C': 0.1, 'clf__degree': 4, 'clf__gamma': 'auto', 'clf__kernel': 'rbf', 'feature_selector__feature_set': 'cleaned_invariant+speed'}",0.45,0.8510072468585864,0.5952380952380952,0.5333333333333333,0.6073946688575037,0.14979405332562828,113,0.6,0.898876404494382,0.7142857142857143,0.6666666666666666,0.7199571963616908,0.1109885785361504,95
0.02484828233718872,0.012731688561421697,0.007653594017028809,0.001947053486136568,0.1,4,auto,poly,basic,"{'clf__C': 0.1, 'clf__degree': 4, 'clf__gamma': 'auto', 'clf__kernel': 'poly', 'feature_selector__feature_set': 'basic'}",0.5342657342657343,0.8510072468585864,0.5952380952380952,0.5151515151515151,0.6239156478784827,0.13440585918348677,65,0.64,0.898876404494382,0.7142857142857143,0.6296296296296297,0.7206979371024316,0.10792853714628069,89
0.023879945278167725,0.00779520791124571,0.013955533504486084,0.0061540021475346325,0.1,4,auto,poly,cleaned,"{'clf__C': 0.1, 'clf__degree': 4, 'clf__gamma': 'auto', 'clf__kernel': 'poly', 'feature_selector__feature_set': 'cleaned'}",0.5342657342657343,0.8510072468585864,0.5952380952380952,0.5151515151515151,0.6239156478784827,0.13440585918348677,65,0.64,0.898876404494382,0.7142857142857143,0.6296296296296297,0.7206979371024316,0.10792853714628069,89
0.014670014381408691,0.001988667308195707,0.006285130977630615,0.0005171133924875618,0.1,4,auto,poly,cleaned+speed,"{'clf__C': 0.1, 'clf__degree': 4, 'clf__gamma': 'auto', 'clf__kernel': 'poly', 'feature_selector__feature_set': 'cleaned+speed'}",0.5342657342657343,0.8510072468585864,0.5952380952380952,0.5151515151515151,0.6239156478784827,0.13440585918348677,65,0.64,0.898876404494382,0.7142857142857143,0.6296296296296297,0.7206979371024316,0.10792853714628069,89
0.013177216053009033,0.003717754609580584,0.005576670169830322,0.0005031062898386639,0.1,4,auto,poly,invariant,"{'clf__C': 0.1, 'clf__degree': 4, 'clf__gamma': 'auto', 'clf__kernel': 'poly', 'feature_selector__feature_set': 'invariant'}",0.45,0.8510072468585864,0.5795148247978437,0.5333333333333333,0.6034638512474408,0.1502670387686345,185,0.6,0.898876404494382,0.6825396825396826,0.6666666666666666,0.7120206884251828,0.11223837385301644,165
0.01512300968170166,0.0009508885958920591,0.008841514587402344,0.004143220489398591,0.1,4,auto,poly,cleaned_invariant,"{'clf__C': 0.1, 'clf__degree': 4, 'clf__gamma': 'auto', 'clf__kernel': 'poly', 'feature_selector__feature_set': 'cleaned_invariant'}",0.5342657342657343,0.8510072468585864,0.5795148247978437,0.5333333333333333,0.6245302848138744,0.13208215154067818,59,0.64,0.898876404494382,0.6825396825396826,0.6666666666666666,0.7220206884251829,0.10323293465103967,83
0.02525484561920166,0.025114193061801883,0.011103630065917969,0.006261807700983406,0.1,4,auto,poly,cleaned_invariant+speed,"{'clf__C': 0.1, 'clf__degree': 4, 'clf__gamma': 'auto', 'clf__kernel': 'poly', 'feature_selector__feature_set': 'cleaned_invariant+speed'}",0.5342657342657343,0.8510072468585864,0.5874499332443258,0.5333333333333333,0.626514061925495,0.1314492281909738,57,0.64,0.898876404494382,0.6984126984126984,0.6666666666666666,0.7259889423934368,0.1019359534157793,57
0.014495790004730225,0.0016429120194293024,0.007241725921630859,0.0011219310831835348,1.0,2,scale,rbf,basic,"{'clf__C': 1, 'clf__degree': 2, 'clf__gamma': 'scale', 'clf__kernel': 'rbf', 'feature_selector__feature_set': 'basic'}",0.45,0.8510072468585864,0.6308762560607124,0.5333333333333333,0.6163042090631581,0.14986587059400636,75,0.6,0.898876404494382,0.7301587301587301,0.6666666666666666,0.7239254503299447,0.11099862126007316,59
0.015067756175994873,0.0033186628808075536,0.006975531578063965,0.0007570752979948332,1.0,2,scale,rbf,cleaned,"{'clf__C': 1, 'clf__degree': 2, 'clf__gamma': 'scale', 'clf__kernel': 'rbf', 'feature_selector__feature_set': 'cleaned'}",0.45,0.8510072468585864,0.5952380952380952,0.5333333333333333,0.6073946688575037,0.14979405332562828,113,0.6,0.898876404494382,0.7142857142857143,0.6666666666666666,0.7199571963616908,0.1109885785361504,95
0.025026321411132812,0.009620974913708289,0.016712844371795654,0.007986137920084473,1.0,2,scale,rbf,cleaned+speed,"{'clf__C': 1, 'clf__degree': 2, 'clf__gamma': 'scale', 'clf__kernel': 'rbf', 'feature_selector__feature_set': 'cleaned+speed'}",0.45,0.8510072468585864,0.5952380952380952,0.5333333333333333,0.6073946688575037,0.14979405332562828,113,0.6,0.898876404494382,0.7142857142857143,0.6666666666666666,0.7199571963616908,0.1109885785361504,95
0.017315268516540527,0.005118528737038298,0.005338132381439209,0.000451097792462387,1.0,2,scale,rbf,invariant,"{'clf__C': 1, 'clf__degree': 2, 'clf__gamma': 'scale', 'clf__kernel': 'rbf', 'feature_selector__feature_set': 'invariant'}",0.45,0.8510072468585864,0.6308762560607124,0.5333333333333333,0.6163042090631581,0.14986587059400636,75,0.6,0.898876404494382,0.7301587301587301,0.6666666666666666,0.7239254503299447,0.11099862126007316,59
0.012222468852996826,0.0017218844423148303,0.005376756191253662,0.0005584656961623637,1.0,2,scale,rbf,cleaned_invariant,"{'clf__C': 1, 'clf__degree': 2, 'clf__gamma': 'scale', 'clf__kernel': 'rbf', 'feature_selector__feature_set': 'cleaned_invariant'}",0.45,0.8762974852862493,0.5952380952380952,0.5333333333333333,0.6137172284644195,0.16012086929092872,91,0.6,0.9101123595505618,0.7142857142857143,0.6666666666666666,0.7227661851257356,0.11553051505874072,71
0.011261999607086182,0.0012825980180316248,0.007566332817077637,0.004235754395316781,1.0,2,scale,rbf,cleaned_invariant+speed,"{'clf__C': 1, 'clf__degree': 2, 'clf__gamma': 'scale', 'clf__kernel': 'rbf', 'feature_selector__feature_set': 'cleaned_invariant+speed'}",0.45,0.8762974852862493,0.5952380952380952,0.5333333333333333,0.6137172284644195,0.16012086929092872,91,0.6,0.9101123595505618,0.7142857142857143,0.6666666666666666,0.7227661851257356,0.11553051505874072,71
0.023050129413604736,0.011195606896361756,0.012484490871429443,0.007694472601816382,1.0,2,scale,poly,basic,"{'clf__C': 1, 'clf__degree': 2, 'clf__gamma': 'scale', 'clf__kernel': 'poly', 'feature_selector__feature_set': 'basic'}",0.45,0.8453718566078117,0.6373626373626373,0.5151515151515151,0.611971502280491,0.1506065342204089,105,0.6,0.8876404494382022,0.6825396825396826,0.6296296296296297,0.6999524404018787,0.1123229506040364,199
0.026218891143798828,0.005138599238609492,0.00708925724029541,0.0015242585364726878,1.0,2,scale,poly,cleaned,"{'clf__C': 1, 'clf__degree': 2, 'clf__gamma': 'scale', 'clf__kernel': 'poly', 'feature_selector__feature_set': 'cleaned'}",0.45,0.8453718566078117,0.6122448979591837,0.5151515151515151,0.6056920674296276,0.14993911463973064,179,0.6,0.8876404494382022,0.6984126984126984,0.6296296296296297,0.7039206943701326,0.11191733494010961,183
0.026480495929718018,0.016744078107199432,0.01081174612045288,0.006201970604667391,1.0,2,scale,poly,cleaned+speed,"{'clf__C': 1, 'clf__degree': 2, 'clf__gamma': 'scale', 'clf__kernel': 'poly', 'feature_selector__feature_set': 'cleaned+speed'}",0.45,0.8453718566078117,0.6122448979591837,0.5151515151515151,0.6056920674296276,0.14993911463973064,179,0.6,0.8876404494382022,0.6984126984126984,0.6296296296296297,0.7039206943701326,0.11191733494010961,183
0.020290911197662354,0.010751223512538677,0.00557321310043335,0.0010317571706537586,1.0,2,scale,poly,invariant,"{'clf__C': 1, 'clf__degree': 2, 'clf__gamma': 'scale', 'clf__kernel': 'poly', 'feature_selector__feature_set': 'invariant'}",0.45,0.8396689766534347,0.6373626373626373,0.5333333333333333,0.6150912368373513,0.14566283651648837,87,0.6,0.8764044943820225,0.6825396825396826,0.6666666666666666,0.7064027108970928,0.10292052833105768,181
0.016814768314361572,0.0074097643382514365,0.004739165306091309,0.00019512070034898133,1.0,2,scale,poly,cleaned_invariant,"{'clf__C': 1, 'clf__degree': 2, 'clf__gamma': 'scale', 'clf__kernel': 'poly', 'feature_selector__feature_set': 'cleaned_invariant'}",0.45,0.8510072468585864,0.6122448979591837,0.5333333333333333,0.6116463695377758,0.14962993371344593,107,0.6,0.898876404494382,0.6984126984126984,0.6666666666666666,0.7159889423934368,0.11140339961891946,161
0.017275214195251465,0.006397044156286114,0.0072440505027771,0.002332763547906995,1.0,2,scale,poly,cleaned_invariant+speed,"{'clf__C': 1, 'clf__degree': 2, 'clf__gamma': 'scale', 'clf__kernel': 'poly', 'feature_selector__feature_set': 'cleaned_invariant+speed'}",0.45,0.8510072468585864,0.6122448979591837,0.5333333333333333,0.6116463695377758,0.14962993371344593,107,0.6,0.898876404494382,0.6984126984126984,0.6666666666666666,0.7159889423934368,0.11140339961891946,161
0.017755508422851562,0.003360100133713541,0.008445501327514648,0.002357782077797467,1.0,2,auto,rbf,basic,"{'clf__C': 1, 'clf__degree': 2, 'clf__gamma': 'auto', 'clf__kernel': 'rbf', 'feature_selector__feature_set': 'basic'}",0.45,0.8510072468585864,0.6308762560607124,0.5333333333333333,0.6163042090631581,0.14986587059400636,75,0.6,0.898876404494382,0.7301587301587301,0.6666666666666666,0.7239254503299447,0.11099862126007316,59
0.017467081546783447,0.004723683790051484,0.012562692165374756,0.004499748781633453,1.0,2,auto,rbf,cleaned,"{'clf__C': 1, 'clf__degree': 2, 'clf__gamma': 'auto', 'clf__kernel': 'rbf', 'feature_selector__feature_set': 'cleaned'}",0.45,0.8510072468585864,0.5952380952380952,0.5333333333333333,0.6073946688575037,0.14979405332562828,113,0.6,0.898876404494382,0.7142857142857143,0.6666666666666666,0.7199571963616908,0.1109885785361504,95
0.02148449420928955,0.008471390351600981,0.007843255996704102,0.002318963537878524,1.0,2,auto,rbf,cleaned+speed,"{'clf__C': 1, 'clf__degree': 2, 'clf__gamma': 'auto', 'clf__kernel': 'rbf', 'feature_selector__feature_set': 'cleaned+speed'}",0.45,0.8510072468585864,0.5952380952380952,0.5333333333333333,0.6073946688575037,0.14979405332562828,113,0.6,0.898876404494382,0.7142857142857143,0.6666666666666666,0.7199571963616908,0.1109885785361504,95
0.019979476928710938,0.0032840549668401893,0.005981504917144775,0.0007393373280357912,1.0,2,auto,rbf,invariant,"{'clf__C': 1, 'clf__degree': 2, 'clf__gamma': 'auto', 'clf__kernel': 'rbf', 'feature_selector__feature_set': 'invariant'}",0.45,0.8510072468585864,0.6308762560607124,0.5333333333333333,0.6163042090631581,0.14986587059400636,75,0.6,0.898876404494382,0.7301587301587301,0.6666666666666666,0.7239254503299447,0.11099862126007316,59
0.021335303783416748,0.012705474913641062,0.008122444152832031,0.00287795965024861,1.0,2,auto,rbf,cleaned_invariant,"{'clf__C': 1, 'clf__degree': 2, 'clf__gamma': 'auto', 'clf__kernel': 'rbf', 'feature_selector__feature_set': 'cleaned_invariant'}",0.45,0.8762974852862493,0.5952380952380952,0.5333333333333333,0.6137172284644195,0.16012086929092872,91,0.6,0.9101123595505618,0.7142857142857143,0.6666666666666666,0.7227661851257356,0.11553051505874072,71
0.015606701374053955,0.003973836903360383,0.0060533881187438965,0.0007306349196769082,1.0,2,auto,rbf,cleaned_invariant+speed,"{'clf__C': 1, 'clf__degree': 2, 'clf__gamma': 'auto', 'clf__kernel': 'rbf', 'feature_selector__feature_set': 'cleaned_invariant+speed'}",0.45,0.8762974852862493,0.5952380952380952,0.5333333333333333,0.6137172284644195,0.16012086929092872,91,0.6,0.9101123595505618,0.7142857142857143,0.6666666666666666,0.7227661851257356,0.11553051505874072,71
0.014433741569519043,0.0010569652314780548,0.008919775485992432,0.004919901880128702,1.0,2,auto,poly,basic,"{'clf__C': 1, 'clf__degree': 2, 'clf__gamma': 'auto', 'clf__kernel': 'poly', 'feature_selector__feature_set': 'basic'}",0.45,0.8453718566078117,0.6373626373626373,0.5151515151515151,0.611971502280491,0.1506065342204089,105,0.6,0.8876404494382022,0.6825396825396826,0.6296296296296297,0.6999524404018787,0.1123229506040364,199
0.02349954843521118,0.011313387499710077,0.011032462120056152,0.004632630953829499,1.0,2,auto,poly,cleaned,"{'clf__C': 1, 'clf__degree': 2, 'clf__gamma': 'auto', 'clf__kernel': 'poly', 'feature_selector__feature_set': 'cleaned'}",0.45,0.8453718566078117,0.6122448979591837,0.5151515151515151,0.6056920674296276,0.14993911463973064,179,0.6,0.8876404494382022,0.6984126984126984,0.6296296296296297,0.7039206943701326,0.11191733494010961,183
0.015455961227416992,0.003621753271045959,0.0066942572593688965,0.0011790444953144082,1.0,2,auto,poly,cleaned+speed,"{'clf__C': 1, 'clf__degree': 2, 'clf__gamma': 'auto', 'clf__kernel': 'poly', 'feature_selector__feature_set': 'cleaned+speed'}",0.45,0.8453718566078117,0.6122448979591837,0.5151515151515151,0.6056920674296276,0.14993911463973064,179,0.6,0.8876404494382022,0.6984126984126984,0.6296296296296297,0.7039206943701326,0.11191733494010961,183
0.012729763984680176,0.0032492453261023326,0.0071503520011901855,0.003937951549216186,1.0,2,auto,poly,invariant,"{'clf__C': 1, 'clf__degree': 2, 'clf__gamma': 'auto', 'clf__kernel': 'poly', 'feature_selector__feature_set': 'invariant'}",0.45,0.8396689766534347,0.6373626373626373,0.5333333333333333,0.6150912368373513,0.14566283651648837,87,0.6,0.8764044943820225,0.6825396825396826,0.6666666666666666,0.7064027108970928,0.10292052833105768,181
0.013588190078735352,0.003705866886250187,0.010391294956207275,0.005639419098823213,1.0,2,auto,poly,cleaned_invariant,"{'clf__C': 1, 'clf__degree': 2, 'clf__gamma': 'auto', 'clf__kernel': 'poly', 'feature_selector__feature_set': 'cleaned_invariant'}",0.45,0.8510072468585864,0.6122448979591837,0.5333333333333333,0.6116463695377758,0.14962993371344593,107,0.6,0.898876404494382,0.6984126984126984,0.6666666666666666,0.7159889423934368,0.11140339961891946,161
0.019086778163909912,0.006318206710443895,0.010764241218566895,0.010159545972638889,1.0,2,auto,poly,cleaned_invariant+speed,"{'clf__C': 1, 'clf__degree': 2, 'clf__gamma': 'auto', 'clf__kernel': 'poly', 'feature_selector__feature_set': 'cleaned_invariant+speed'}",0.45,0.8510072468585864,0.6122448979591837,0.5333333333333333,0.6116463695377758,0.14962993371344593,107,0.6,0.898876404494382,0.6984126984126984,0.6666666666666666,0.7159889423934368,0.11140339961891946,161
0.016512632369995117,0.003254410788251895,0.011041224002838135,0.0033539707921436,1.0,3,scale,rbf,basic,"{'clf__C': 1, 'clf__degree': 3, 'clf__gamma': 'scale', 'clf__kernel': 'rbf', 'feature_selector__feature_set': 'basic'}",0.45,0.8510072468585864,0.6308762560607124,0.5333333333333333,0.6163042090631581,0.14986587059400636,75,0.6,0.898876404494382,0.7301587301587301,0.6666666666666666,0.7239254503299447,0.11099862126007316,59
0.01964569091796875,0.006860415367494023,0.008019864559173584,0.002552282589555307,1.0,3,scale,rbf,cleaned,"{'clf__C': 1, 'clf__degree': 3, 'clf__gamma': 'scale', 'clf__kernel': 'rbf', 'feature_selector__feature_set': 'cleaned'}",0.45,0.8510072468585864,0.5952380952380952,0.5333333333333333,0.6073946688575037,0.14979405332562828,113,0.6,0.898876404494382,0.7142857142857143,0.6666666666666666,0.7199571963616908,0.1109885785361504,95
0.029009997844696045,0.0031303251867491806,0.013569831848144531,0.005088154008822589,1.0,3,scale,rbf,cleaned+speed,"{'clf__C': 1, 'clf__degree': 3, 'clf__gamma': 'scale', 'clf__kernel': 'rbf', 'feature_selector__feature_set': 'cleaned+speed'}",0.45,0.8510072468585864,0.5952380952380952,0.5333333333333333,0.6073946688575037,0.14979405332562828,113,0.6,0.898876404494382,0.7142857142857143,0.6666666666666666,0.7199571963616908,0.1109885785361504,95
0.02373892068862915,0.0037792347741133344,0.01180487871170044,0.002344287753175721,1.0,3,scale,rbf,invariant,"{'clf__C': 1, 'clf__degree': 3, 'clf__gamma': 'scale', 'clf__kernel': 'rbf', 'feature_selector__feature_set': 'invariant'}",0.45,0.8510072468585864,0.6308762560607124,0.5333333333333333,0.6163042090631581,0.14986587059400636,75,0.6,0.898876404494382,0.7301587301587301,0.6666666666666666,0.7239254503299447,0.11099862126007316,59
0.013540267944335938,0.0021366522164597305,0.006010293960571289,0.0010721207264160631,1.0,3,scale,rbf,cleaned_invariant,"{'clf__C': 1, 'clf__degree': 3, 'clf__gamma': 'scale', 'clf__kernel': 'rbf', 'feature_selector__feature_set': 'cleaned_invariant'}",0.45,0.8762974852862493,0.5952380952380952,0.5333333333333333,0.6137172284644195,0.16012086929092872,91,0.6,0.9101123595505618,0.7142857142857143,0.6666666666666666,0.7227661851257356,0.11553051505874072,71
0.021487951278686523,0.001412950219926907,0.011952757835388184,0.006797109890884466,1.0,3,scale,rbf,cleaned_invariant+speed,"{'clf__C': 1, 'clf__degree': 3, 'clf__gamma': 'scale', 'clf__kernel': 'rbf', 'feature_selector__feature_set': 'cleaned_invariant+speed'}",0.45,0.8762974852862493,0.5952380952380952,0.5333333333333333,0.6137172284644195,0.16012086929092872,91,0.6,0.9101123595505618,0.7142857142857143,0.6666666666666666,0.7227661851257356,0.11553051505874072,71
0.026028811931610107,0.014298542325224149,0.010449707508087158,0.007402683375098907,1.0,3,scale,poly,basic,"{'clf__C': 1, 'clf__degree': 3, 'clf__gamma': 'scale', 'clf__kernel': 'poly', 'feature_selector__feature_set': 'basic'}",0.7809523809523808,0.8510072468585864,0.5874499332443258,0.5151515151515151,0.683640269051702,0.13704232309432177,35,0.8,0.898876404494382,0.6984126984126984,0.6296296296296297,0.7567296831341775,0.10202120493185284,11
0.02139800786972046,0.00606507370380614,0.006350278854370117,0.000704639021670508,1.0,3,scale,poly,cleaned,"{'clf__C': 1, 'clf__degree': 3, 'clf__gamma': 'scale', 'clf__kernel': 'poly', 'feature_selector__feature_set': 'cleaned'}",0.6711018711018711,0.8510072468585864,0.5874499332443258,0.5151515151515151,0.6561776415890747,0.12529283094847024,53,0.72,0.898876404494382,0.6984126984126984,0.6296296296296297,0.7367296831341775,0.09938568096619459,53
0.01764732599258423,0.004980979282216167,0.006965219974517822,0.0006959223379445267,1.0,3,scale,poly,cleaned+speed,"{'clf__C': 1, 'clf__degree': 3, 'clf__gamma': 'scale', 'clf__kernel': 'poly', 'feature_selector__feature_set': 'cleaned+speed'}",0.7285714285714286,0.8510072468585864,0.5874499332443258,0.5151515151515151,0.670545030956464,0.12940789601728994,51,0.76,0.898876404494382,0.6984126984126984,0.6296296296296297,0.7467296831341775,0.09921149085882473,51
0.025014042854309082,0.018514682097115303,0.0069997310638427734,0.0026348786257380944,1.0,3,scale,poly,invariant,"{'clf__C': 1, 'clf__degree': 3, 'clf__gamma': 'scale', 'clf__kernel': 'poly', 'feature_selector__feature_set': 'invariant'}",0.6070175438596492,0.8510072468585864,0.5874499332443258,0.5333333333333333,0.6447020143239737,0.12212979998641074,55,0.68,0.898876404494382,0.6984126984126984,0.6666666666666666,0.7359889423934368,0.09471620637945331,55
0.01596301794052124,0.006383973249570341,0.007339894771575928,0.004597889148076074,1.0,3,scale,poly,cleaned_invariant,"{'clf__C': 1, 'clf__degree': 3, 'clf__gamma': 'scale', 'clf__kernel': 'poly', 'feature_selector__feature_set': 'cleaned_invariant'}",0.5342657342657343,0.8510072468585864,0.5795148247978437,0.5333333333333333,0.6245302848138744,0.13208215154067818,59,0.64,0.898876404494382,0.6825396825396826,0.6666666666666666,0.7220206884251829,0.10323293465103967,83
0.018679559230804443,0.006900503196720169,0.0073670148849487305,0.00274013091103108,1.0,3,scale,poly,cleaned_invariant+speed,"{'clf__C': 1, 'clf__degree': 3, 'clf__gamma': 'scale', 'clf__kernel': 'poly', 'feature_selector__feature_set': 'cleaned_invariant+speed'}",0.5342657342657343,0.8510072468585864,0.5795148247978437,0.5333333333333333,0.6245302848138744,0.13208215154067818,59,0.64,0.898876404494382,0.6825396825396826,0.6666666666666666,0.7220206884251829,0.10323293465103967,83
0.025554239749908447,0.011943965832125559,0.00811779499053955,0.002452277481101526,1.0,3,auto,rbf,basic,"{'clf__C': 1, 'clf__degree': 3, 'clf__gamma': 'auto', 'clf__kernel': 'rbf', 'feature_selector__feature_set': 'basic'}",0.45,0.8510072468585864,0.6308762560607124,0.5333333333333333,0.6163042090631581,0.14986587059400636,75,0.6,0.898876404494382,0.7301587301587301,0.6666666666666666,0.7239254503299447,0.11099862126007316,59
0.014142751693725586,0.0018856883166198568,0.00808805227279663,0.0035050559941898654,1.0,3,auto,rbf,cleaned,"{'clf__C': 1, 'clf__degree': 3, 'clf__gamma': 'auto', 'clf__kernel': 'rbf', 'feature_selector__feature_set': 'cleaned'}",0.45,0.8510072468585864,0.5952380952380952,0.5333333333333333,0.6073946688575037,0.14979405332562828,113,0.6,0.898876404494382,0.7142857142857143,0.6666666666666666,0.7199571963616908,0.1109885785361504,95
0.015211999416351318,0.0028616914731773224,0.00932532548904419,0.0032373890365000532,1.0,3,auto,rbf,cleaned+speed,"{'clf__C': 1, 'clf__degree': 3, 'clf__gamma': 'auto', 'clf__kernel': 'rbf', 'feature_selector__feature_set': 'cleaned+speed'}",0.45,0.8510072468585864,0.5952380952380952,0.5333333333333333,0.6073946688575037,0.14979405332562828,113,0.6,0.898876404494382,0.7142857142857143,0.6666666666666666,0.7199571963616908,0.1109885785361504,95
0.01966625452041626,0.015144501383971196,0.012673258781433105,0.005012813806135651,1.0,3,auto,rbf,invariant,"{'clf__C': 1, 'clf__degree': 3, 'clf__gamma': 'auto', 'clf__kernel': 'rbf', 'feature_selector__feature_set': 'invariant'}",0.45,0.8510072468585864,0.6308762560607124,0.5333333333333333,0.6163042090631581,0.14986587059400636,75,0.6,0.898876404494382,0.7301587301587301,0.6666666666666666,0.7239254503299447,0.11099862126007316,59
0.018581748008728027,0.0075021498065293395,0.005447089672088623,0.0007222548087069807,1.0,3,auto,rbf,cleaned_invariant,"{'clf__C': 1, 'clf__degree': 3, 'clf__gamma': 'auto', 'clf__kernel': 'rbf', 'feature_selector__feature_set': 'cleaned_invariant'}",0.45,0.8762974852862493,0.5952380952380952,0.5333333333333333,0.6137172284644195,0.16012086929092872,91,0.6,0.9101123595505618,0.7142857142857143,0.6666666666666666,0.7227661851257356,0.11553051505874072,71
0.01678311824798584,0.00638861742322273,0.007829725742340088,0.0049048786446962925,1.0,3,auto,rbf,cleaned_invariant+speed,"{'clf__C': 1, 'clf__degree': 3, 'clf__gamma': 'auto', 'clf__kernel': 'rbf', 'feature_selector__feature_set': 'cleaned_invariant+speed'}",0.45,0.8762974852862493,0.5952380952380952,0.5333333333333333,0.6137172284644195,0.16012086929092872,91,0.6,0.9101123595505618,0.7142857142857143,0.6666666666666666,0.7227661851257356,0.11553051505874072,71
0.016890525817871094,0.003998840978017244,0.00710451602935791,0.0020292304137581713,1.0,3,auto,poly,basic,"{'clf__C': 1, 'clf__degree': 3, 'clf__gamma': 'auto', 'clf__kernel': 'poly', 'feature_selector__feature_set': 'basic'}",0.7809523809523808,0.8510072468585864,0.5874499332443258,0.5151515151515151,0.683640269051702,0.13704232309432177,35,0.8,0.898876404494382,0.6984126984126984,0.6296296296296297,0.7567296831341775,0.10202120493185284,11
0.019328296184539795,0.005196712025587952,0.00723576545715332,0.001616376591277455,1.0,3,auto,poly,cleaned,"{'clf__C': 1, 'clf__degree': 3, 'clf__gamma': 'auto', 'clf__kernel': 'poly', 'feature_selector__feature_set': 'cleaned'}",0.6711018711018711,0.8510072468585864,0.5874499332443258,0.5151515151515151,0.6561776415890747,0.12529283094847024,53,0.72,0.898876404494382,0.6984126984126984,0.6296296296296297,0.7367296831341775,0.09938568096619459,53
0.015856504440307617,0.0036396303685035446,0.008973479270935059,0.003300207495436177,1.0,3,auto,poly,cleaned+speed,"{'clf__C': 1, 'clf__degree': 3, 'clf__gamma': 'auto', 'clf__kernel': 'poly', 'feature_selector__feature_set': 'cleaned+speed'}",0.7285714285714286,0.8510072468585864,0.5874499332443258,0.5151515151515151,0.670545030956464,0.12940789601728994,51,0.76,0.898876404494382,0.6984126984126984,0.6296296296296297,0.7467296831341775,0.09921149085882473,51
0.016990959644317627,0.00812433151610397,0.005229532718658447,0.0011759470609708136,1.0,3,auto,poly,invariant,"{'clf__C': 1, 'clf__degree': 3, 'clf__gamma': 'auto', 'clf__kernel': 'poly', 'feature_selector__feature_set': 'invariant'}",0.6070175438596492,0.8510072468585864,0.5874499332443258,0.5333333333333333,0.6447020143239737,0.12212979998641074,55,0.68,0.898876404494382,0.6984126984126984,0.6666666666666666,0.7359889423934368,0.09471620637945331,55
0.01562589406967163,0.005505422216862398,0.00864100456237793,0.006600715854108055,1.0,3,auto,poly,cleaned_invariant,"{'clf__C': 1, 'clf__degree': 3, 'clf__gamma': 'auto', 'clf__kernel': 'poly', 'feature_selector__feature_set': 'cleaned_invariant'}",0.5342657342657343,0.8510072468585864,0.5795148247978437,0.5333333333333333,0.6245302848138744,0.13208215154067818,59,0.64,0.898876404494382,0.6825396825396826,0.6666666666666666,0.7220206884251829,0.10323293465103967,83
0.03134572505950928,0.030687642352964027,0.008559882640838623,0.002837200427064603,1.0,3,auto,poly,cleaned_invariant+speed,"{'clf__C': 1, 'clf__degree': 3, 'clf__gamma': 'auto', 'clf__kernel': 'poly', 'feature_selector__feature_set': 'cleaned_invariant+speed'}",0.5342657342657343,0.8510072468585864,0.5795148247978437,0.5333333333333333,0.6245302848138744,0.13208215154067818,59,0.64,0.898876404494382,0.6825396825396826,0.6666666666666666,0.7220206884251829,0.10323293465103967,83
0.022834420204162598,0.006296002518267641,0.008673787117004395,0.003072914221319518,1.0,4,scale,rbf,basic,"{'clf__C': 1, 'clf__degree': 4, 'clf__gamma': 'scale', 'clf__kernel': 'rbf', 'feature_selector__feature_set': 'basic'}",0.45,0.8510072468585864,0.6308762560607124,0.5333333333333333,0.6163042090631581,0.14986587059400636,75,0.6,0.898876404494382,0.7301587301587301,0.6666666666666666,0.7239254503299447,0.11099862126007316,59
0.01917707920074463,0.005891862600303241,0.012592971324920654,0.0040644183988128475,1.0,4,scale,rbf,cleaned,"{'clf__C': 1, 'clf__degree': 4, 'clf__gamma': 'scale', 'clf__kernel': 'rbf', 'feature_selector__feature_set': 'cleaned'}",0.45,0.8510072468585864,0.5952380952380952,0.5333333333333333,0.6073946688575037,0.14979405332562828,113,0.6,0.898876404494382,0.7142857142857143,0.6666666666666666,0.7199571963616908,0.1109885785361504,95
0.013759732246398926,0.0018485925517937847,0.007876932621002197,0.002016181152110022,1.0,4,scale,rbf,cleaned+speed,"{'clf__C': 1, 'clf__degree': 4, 'clf__gamma': 'scale', 'clf__kernel': 'rbf', 'feature_selector__feature_set': 'cleaned+speed'}",0.45,0.8510072468585864,0.5952380952380952,0.5333333333333333,0.6073946688575037,0.14979405332562828,113,0.6,0.898876404494382,0.7142857142857143,0.6666666666666666,0.7199571963616908,0.1109885785361504,95
0.01653134822845459,0.007065719162533642,0.008676707744598389,0.005540422569488637,1.0,4,scale,rbf,invariant,"{'clf__C': 1, 'clf__degree': 4, 'clf__gamma': 'scale', 'clf__kernel': 'rbf', 'feature_selector__feature_set': 'invariant'}",0.45,0.8510072468585864,0.6308762560607124,0.5333333333333333,0.6163042090631581,0.14986587059400636,75,0.6,0.898876404494382,0.7301587301587301,0.6666666666666666,0.7239254503299447,0.11099862126007316,59
0.014827489852905273,0.002840261985439985,0.0052492618560791016,0.0004600227944495143,1.0,4,scale,rbf,cleaned_invariant,"{'clf__C': 1, 'clf__degree': 4, 'clf__gamma': 'scale', 'clf__kernel': 'rbf', 'feature_selector__feature_set': 'cleaned_invariant'}",0.45,0.8762974852862493,0.5952380952380952,0.5333333333333333,0.6137172284644195,0.16012086929092872,91,0.6,0.9101123595505618,0.7142857142857143,0.6666666666666666,0.7227661851257356,0.11553051505874072,71
0.015327215194702148,0.003283952327714539,0.009321510791778564,0.004903886013903132,1.0,4,scale,rbf,cleaned_invariant+speed,"{'clf__C': 1, 'clf__degree': 4, 'clf__gamma': 'scale', 'clf__kernel': 'rbf', 'feature_selector__feature_set': 'cleaned_invariant+speed'}",0.45,0.8762974852862493,0.5952380952380952,0.5333333333333333,0.6137172284644195,0.16012086929092872,91,0.6,0.9101123595505618,0.7142857142857143,0.6666666666666666,0.7227661851257356,0.11553051505874072,71
0.028521180152893066,0.018667044910271904,0.008524537086486816,0.0043513986382726225,1.0,4,scale,poly,basic,"{'clf__C': 1, 'clf__degree': 4, 'clf__gamma': 'scale', 'clf__kernel': 'poly', 'feature_selector__feature_set': 'basic'}",0.45,0.8510072468585864,0.5874499332443258,0.5151515151515151,0.6009021738136069,0.1523631778529699,197,0.6,0.898876404494382,0.6984126984126984,0.6296296296296297,0.7067296831341776,0.11653881142848878,177
0.019871115684509277,0.007151197656890048,0.007652640342712402,0.002577074949442051,1.0,4,scale,poly,cleaned,"{'clf__C': 1, 'clf__degree': 4, 'clf__gamma': 'scale', 'clf__kernel': 'poly', 'feature_selector__feature_set': 'cleaned'}",0.45,0.8510072468585864,0.5795148247978437,0.5151515151515151,0.5989183967019863,0.15257692018855346,203,0.6,0.898876404494382,0.6825396825396826,0.6296296296296297,0.7027614291659237,0.11702368778621015,189
0.02160334587097168,0.004477082612934528,0.014091253280639648,0.00552664038809953,1.0,4,scale,poly,cleaned+speed,"{'clf__C': 1, 'clf__degree': 4, 'clf__gamma': 'scale', 'clf__kernel': 'poly', 'feature_selector__feature_set': 'cleaned+speed'}",0.45,0.8510072468585864,0.5874499332443258,0.5151515151515151,0.6009021738136069,0.1523631778529699,197,0.6,0.898876404494382,0.6984126984126984,0.6296296296296297,0.7067296831341776,0.11653881142848878,177
0.023540735244750977,0.006939994015594219,0.00932157039642334,0.002776780211329165,1.0,4,scale,poly,invariant,"{'clf__C': 1, 'clf__degree': 4, 'clf__gamma': 'scale', 'clf__kernel': 'poly', 'feature_selector__feature_set': 'invariant'}",0.45,0.8510072468585864,0.5795148247978437,0.5333333333333333,0.6034638512474408,0.1502670387686345,185,0.6,0.898876404494382,0.6825396825396826,0.6666666666666666,0.7120206884251828,0.11223837385301644,165
0.011500656604766846,0.0010911446230585436,0.006090044975280762,0.0022277556045491244,1.0,4,scale,poly,cleaned_invariant,"{'clf__C': 1, 'clf__degree': 4, 'clf__gamma': 'scale', 'clf__kernel': 'poly', 'feature_selector__feature_set': 'cleaned_invariant'}",0.45,0.8510072468585864,0.5795148247978437,0.5333333333333333,0.6034638512474408,0.1502670387686345,185,0.6,0.898876404494382,0.6825396825396826,0.6666666666666666,0.7120206884251828,0.11223837385301644,165
0.01576077938079834,0.007119960517026437,0.004963696002960205,0.0004259442292795211,1.0,4,scale,poly,cleaned_invariant+speed,"{'clf__C': 1, 'clf__degree': 4, 'clf__gamma': 'scale', 'clf__kernel': 'poly', 'feature_selector__feature_set': 'cleaned_invariant+speed'}",0.4307692307692308,0.8510072468585864,0.5795148247978437,0.5333333333333333,0.5986561589397486,0.15532269187267184,205,0.56,0.898876404494382,0.6825396825396826,0.6666666666666666,0.7020206884251828,0.12303603672775361,191
0.013998627662658691,0.0025220756047775734,0.008133232593536377,0.003147008007635727,1.0,4,auto,rbf,basic,"{'clf__C': 1, 'clf__degree': 4, 'clf__gamma': 'auto', 'clf__kernel': 'rbf', 'feature_selector__feature_set': 'basic'}",0.45,0.8510072468585864,0.6308762560607124,0.5333333333333333,0.6163042090631581,0.14986587059400636,75,0.6,0.898876404494382,0.7301587301587301,0.6666666666666666,0.7239254503299447,0.11099862126007316,59
0.021773099899291992,0.01661242762540406,0.006362795829772949,0.0005852623382194032,1.0,4,auto,rbf,cleaned,"{'clf__C': 1, 'clf__degree': 4, 'clf__gamma': 'auto', 'clf__kernel': 'rbf', 'feature_selector__feature_set': 'cleaned'}",0.45,0.8510072468585864,0.5952380952380952,0.5333333333333333,0.6073946688575037,0.14979405332562828,113,0.6,0.898876404494382,0.7142857142857143,0.6666666666666666,0.7199571963616908,0.1109885785361504,95
0.021512091159820557,0.006819371074064613,0.013996481895446777,0.00741139815753129,1.0,4,auto,rbf,cleaned+speed,"{'clf__C': 1, 'clf__degree': 4, 'clf__gamma': 'auto', 'clf__kernel': 'rbf', 'feature_selector__feature_set': 'cleaned+speed'}",0.45,0.8510072468585864,0.5952380952380952,0.5333333333333333,0.6073946688575037,0.14979405332562828,113,0.6,0.898876404494382,0.7142857142857143,0.6666666666666666,0.7199571963616908,0.1109885785361504,95
0.057901740074157715,0.056905042051340456,0.006802260875701904,0.002832581621485061,1.0,4,auto,rbf,invariant,"{'clf__C': 1, 'clf__degree': 4, 'clf__gamma': 'auto', 'clf__kernel': 'rbf', 'feature_selector__feature_set': 'invariant'}",0.45,0.8510072468585864,0.6308762560607124,0.5333333333333333,0.6163042090631581,0.14986587059400636,75,0.6,0.898876404494382,0.7301587301587301,0.6666666666666666,0.7239254503299447,0.11099862126007316,59
0.012188553810119629,0.0025859253580329746,0.009871423244476318,0.003696724916820073,1.0,4,auto,rbf,cleaned_invariant,"{'clf__C': 1, 'clf__degree': 4, 'clf__gamma': 'auto', 'clf__kernel': 'rbf', 'feature_selector__feature_set': 'cleaned_invariant'}",0.45,0.8762974852862493,0.5952380952380952,0.5333333333333333,0.6137172284644195,0.16012086929092872,91,0.6,0.9101123595505618,0.7142857142857143,0.6666666666666666,0.7227661851257356,0.11553051505874072,71
0.01714801788330078,0.005954743472144423,0.01121675968170166,0.0043963915498231995,1.0,4,auto,rbf,cleaned_invariant+speed,"{'clf__C': 1, 'clf__degree': 4, 'clf__gamma': 'auto', 'clf__kernel': 'rbf', 'feature_selector__feature_set': 'cleaned_invariant+speed'}",0.45,0.8762974852862493,0.5952380952380952,0.5333333333333333,0.6137172284644195,0.16012086929092872,91,0.6,0.9101123595505618,0.7142857142857143,0.6666666666666666,0.7227661851257356,0.11553051505874072,71
0.022383689880371094,0.007493607662532044,0.007597863674163818,0.0027161048312830307,1.0,4,auto,poly,basic,"{'clf__C': 1, 'clf__degree': 4, 'clf__gamma': 'auto', 'clf__kernel': 'poly', 'feature_selector__feature_set': 'basic'}",0.45,0.8510072468585864,0.5874499332443258,0.5151515151515151,0.6009021738136069,0.1523631778529699,197,0.6,0.898876404494382,0.6984126984126984,0.6296296296296297,0.7067296831341776,0.11653881142848878,177
0.05896317958831787,0.05976094669748699,0.008125126361846924,0.002308673909475258,1.0,4,auto,poly,cleaned,"{'clf__C': 1, 'clf__degree': 4, 'clf__gamma': 'auto', 'clf__kernel': 'poly', 'feature_selector__feature_set': 'cleaned'}",0.45,0.8510072468585864,0.5795148247978437,0.5151515151515151,0.5989183967019863,0.15257692018855346,203,0.6,0.898876404494382,0.6825396825396826,0.6296296296296297,0.7027614291659237,0.11702368778621015,189
0.023800969123840332,0.005755403878588662,0.008438408374786377,0.004363996091904855,1.0,4,auto,poly,cleaned+speed,"{'clf__C': 1, 'clf__degree': 4, 'clf__gamma': 'auto', 'clf__kernel': 'poly', 'feature_selector__feature_set': 'cleaned+speed'}",0.45,0.8510072468585864,0.5874499332443258,0.5151515151515151,0.6009021738136069,0.1523631778529699,197,0.6,0.898876404494382,0.6984126984126984,0.6296296296296297,0.7067296831341776,0.11653881142848878,177
0.027152061462402344,0.02382347848451344,0.005838990211486816,0.0013867727531062647,1.0,4,auto,poly,invariant,"{'clf__C': 1, 'clf__degree': 4, 'clf__gamma': 'auto', 'clf__kernel': 'poly', 'feature_selector__feature_set': 'invariant'}",0.45,0.8510072468585864,0.5795148247978437,0.5333333333333333,0.6034638512474408,0.1502670387686345,185,0.6,0.898876404494382,0.6825396825396826,0.6666666666666666,0.7120206884251828,0.11223837385301644,165
0.01073533296585083,0.00088052066780951,0.004800677299499512,0.0002330449534204634,1.0,4,auto,poly,cleaned_invariant,"{'clf__C': 1, 'clf__degree': 4, 'clf__gamma': 'auto', 'clf__kernel': 'poly', 'feature_selector__feature_set': 'cleaned_invariant'}",0.45,0.8510072468585864,0.5795148247978437,0.5333333333333333,0.6034638512474408,0.1502670387686345,185,0.6,0.898876404494382,0.6825396825396826,0.6666666666666666,0.7120206884251828,0.11223837385301644,165
0.019304513931274414,0.008248933172463982,0.041942298412323,0.0371761089281554,1.0,4,auto,poly,cleaned_invariant+speed,"{'clf__C': 1, 'clf__degree': 4, 'clf__gamma': 'auto', 'clf__kernel': 'poly', 'feature_selector__feature_set': 'cleaned_invariant+speed'}",0.4307692307692308,0.8510072468585864,0.5795148247978437,0.5333333333333333,0.5986561589397486,0.15532269187267184,205,0.56,0.898876404494382,0.6825396825396826,0.6666666666666666,0.7020206884251828,0.12303603672775361,191
0.0243527889251709,0.015495672963337212,0.008435308933258057,0.003605159367366587,10.0,2,scale,rbf,basic,"{'clf__C': 10, 'clf__degree': 2, 'clf__gamma': 'scale', 'clf__kernel': 'rbf', 'feature_selector__feature_set': 'basic'}",0.45,0.8876404494382022,0.7964285714285714,0.6121212121212122,0.6865475582469964,0.16882403283870662,11,0.6,0.8876404494382022,0.8095238095238095,0.7037037037037037,0.7502169906664288,0.10854853284675736,33
0.015771925449371338,0.002687423783291127,0.008072614669799805,0.0029948285004588755,10.0,2,scale,rbf,cleaned,"{'clf__C': 10, 'clf__degree': 2, 'clf__gamma': 'scale', 'clf__kernel': 'rbf', 'feature_selector__feature_set': 'cleaned'}",0.45,0.8731531694260508,0.7731092436974789,0.6121212121212122,0.6770959063111854,0.16081920977026115,45,0.6,0.8764044943820225,0.8095238095238095,0.7037037037037037,0.747408001902384,0.10504481583400939,45
0.01467597484588623,0.0016043595814970858,0.00821608304977417,0.0030821880819312687,10.0,2,scale,rbf,cleaned+speed,"{'clf__C': 10, 'clf__degree': 2, 'clf__gamma': 'scale', 'clf__kernel': 'rbf', 'feature_selector__feature_set': 'cleaned+speed'}",0.45,0.8731531694260508,0.7964922206506364,0.6121212121212122,0.6829416505494749,0.16458394586313532,37,0.6,0.8764044943820225,0.8253968253968254,0.7037037037037037,0.7513762558706379,0.107585487183173,27
0.05642455816268921,0.05270532334942934,0.03627967834472656,0.026652198585097445,10.0,2,scale,rbf,invariant,"{'clf__C': 10, 'clf__degree': 2, 'clf__gamma': 'scale', 'clf__kernel': 'rbf', 'feature_selector__feature_set': 'invariant'}",0.45,0.9012195530165249,0.7761921690112235,0.6121212121212122,0.6848832335372401,0.17000233085217642,29,0.6,0.898876404494382,0.7936507936507936,0.7037037037037037,0.7490577254622198,0.11035099810044229,39
0.01611703634262085,0.0019516797829934802,0.00923997163772583,0.006914813379509284,10.0,2,scale,rbf,cleaned_invariant,"{'clf__C': 10, 'clf__degree': 2, 'clf__gamma': 'scale', 'clf__kernel': 'rbf', 'feature_selector__feature_set': 'cleaned_invariant'}",0.45,0.9101123595505618,0.7731092436974789,0.6121212121212122,0.6863357038423132,0.1724586867564425,17,0.6,0.9101123595505618,0.8095238095238095,0.7037037037037037,0.7558349681945188,0.11585142555931867,13
0.014318108558654785,0.0029609104589318654,0.007997334003448486,0.0023973870496798713,10.0,2,scale,rbf,cleaned_invariant+speed,"{'clf__C': 10, 'clf__degree': 2, 'clf__gamma': 'scale', 'clf__kernel': 'rbf', 'feature_selector__feature_set': 'cleaned_invariant+speed'}",0.45,0.9101123595505618,0.7731092436974789,0.6121212121212122,0.6863357038423132,0.1724586867564425,17,0.6,0.9101123595505618,0.8095238095238095,0.7037037037037037,0.7558349681945188,0.11585142555931867,13
0.019159555435180664,0.005192338897230738,0.009127378463745117,0.0038529636116997963,10.0,2,scale,poly,basic,"{'clf__C': 10, 'clf__degree': 2, 'clf__gamma': 'scale', 'clf__kernel': 'poly', 'feature_selector__feature_set': 'basic'}",0.45,0.8062782671730462,0.6484865629420086,0.5151515151515151,0.6049790863166424,0.136475062257481,183,0.6,0.7865168539325843,0.6984126984126984,0.6296296296296297,0.6786397954937281,0.07178899849661026,215
0.0987350344657898,0.08698452433698833,0.03109949827194214,0.03866256040012552,10.0,2,scale,poly,cleaned,"{'clf__C': 10, 'clf__degree': 2, 'clf__gamma': 'scale', 'clf__kernel': 'poly', 'feature_selector__feature_set': 'cleaned'}",0.45,0.7850945811406628,0.653061224489796,0.587737843551797,0.6189734122955639,0.1207123611071007,71,0.6,0.7752808988764045,0.7301587301587301,0.6666666666666666,0.6930265739254503,0.06613123159043088,211
0.01952540874481201,0.00811059784673369,0.006110250949859619,0.00048051279850201906,10.0,2,scale,poly,cleaned+speed,"{'clf__C': 10, 'clf__degree': 2, 'clf__gamma': 'scale', 'clf__kernel': 'poly', 'feature_selector__feature_set': 'cleaned+speed'}",0.45,0.7850945811406628,0.6426073926073926,0.587737843551797,0.6163599543249632,0.12005744659447261,73,0.6,0.7752808988764045,0.7142857142857143,0.6666666666666666,0.6890583199571964,0.06423302310877028,213
0.01575624942779541,0.0031223638492227225,0.007813990116119385,0.004943484048724896,10.0,2,scale,poly,invariant,"{'clf__C': 10, 'clf__degree': 2, 'clf__gamma': 'scale', 'clf__kernel': 'poly', 'feature_selector__feature_set': 'invariant'}",0.45,0.8202247191011236,0.6484865629420086,0.5333333333333333,0.6130111538441163,0.13884988083909322,103,0.6,0.8202247191011236,0.6984126984126984,0.6666666666666666,0.6963260210451222,0.07986491913684741,209
0.0367053747177124,0.03800379506241028,0.011145234107971191,0.006821568744103709,10.0,2,scale,poly,cleaned_invariant,"{'clf__C': 10, 'clf__degree': 2, 'clf__gamma': 'scale', 'clf__kernel': 'poly', 'feature_selector__feature_set': 'cleaned_invariant'}",0.45,0.8270270492173422,0.632213712838449,0.5333333333333333,0.610643523847281,0.14059721762544364,111,0.6,0.8314606741573034,0.6984126984126984,0.6666666666666666,0.699135009809167,0.08425044014011428,201
0.12310045957565308,0.0292416109228813,0.01931631565093994,0.01206729458604817,10.0,2,scale,poly,cleaned_invariant+speed,"{'clf__C': 10, 'clf__degree': 2, 'clf__gamma': 'scale', 'clf__kernel': 'poly', 'feature_selector__feature_set': 'cleaned_invariant+speed'}",0.45,0.8270270492173422,0.6484865629420086,0.5333333333333333,0.614711736373171,0.14139566078760388,89,0.6,0.8314606741573034,0.6984126984126984,0.6666666666666666,0.699135009809167,0.08425044014011428,201
0.037832677364349365,0.02627916116113897,0.04387974739074707,0.02601165176137157,10.0,2,auto,rbf,basic,"{'clf__C': 10, 'clf__degree': 2, 'clf__gamma': 'auto', 'clf__kernel': 'rbf', 'feature_selector__feature_set': 'basic'}",0.45,0.8876404494382022,0.7964285714285714,0.6121212121212122,0.6865475582469964,0.16882403283870662,11,0.6,0.8876404494382022,0.8095238095238095,0.7037037037037037,0.7502169906664288,0.10854853284675736,33
0.08931845426559448,0.049418388110443426,0.03889656066894531,0.030100468823209076,10.0,2,auto,rbf,cleaned,"{'clf__C': 10, 'clf__degree': 2, 'clf__gamma': 'auto', 'clf__kernel': 'rbf', 'feature_selector__feature_set': 'cleaned'}",0.45,0.8731531694260508,0.7731092436974789,0.6121212121212122,0.6770959063111854,0.16081920977026115,45,0.6,0.8764044943820225,0.8095238095238095,0.7037037037037037,0.747408001902384,0.10504481583400939,45
0.017307281494140625,0.001768154868222266,0.008932769298553467,0.0023181070649733273,10.0,2,auto,rbf,cleaned+speed,"{'clf__C': 10, 'clf__degree': 2, 'clf__gamma': 'auto', 'clf__kernel': 'rbf', 'feature_selector__feature_set': 'cleaned+speed'}",0.45,0.8731531694260508,0.7964922206506364,0.6121212121212122,0.6829416505494749,0.16458394586313532,37,0.6,0.8764044943820225,0.8253968253968254,0.7037037037037037,0.7513762558706379,0.107585487183173,27
0.019559800624847412,0.007418448958482484,0.010472714900970459,0.0060254828013859155,10.0,2,auto,rbf,invariant,"{'clf__C': 10, 'clf__degree': 2, 'clf__gamma': 'auto', 'clf__kernel': 'rbf', 'feature_selector__feature_set': 'invariant'}",0.45,0.9012195530165249,0.7761921690112235,0.6121212121212122,0.6848832335372401,0.17000233085217642,29,0.6,0.898876404494382,0.7936507936507936,0.7037037037037037,0.7490577254622198,0.11035099810044229,39
0.046771228313446045,0.02885987430177943,0.05546295642852783,0.0616488849041631,10.0,2,auto,rbf,cleaned_invariant,"{'clf__C': 10, 'clf__degree': 2, 'clf__gamma': 'auto', 'clf__kernel': 'rbf', 'feature_selector__feature_set': 'cleaned_invariant'}",0.45,0.9101123595505618,0.7731092436974789,0.6121212121212122,0.6863357038423132,0.1724586867564425,17,0.6,0.9101123595505618,0.8095238095238095,0.7037037037037037,0.7558349681945188,0.11585142555931867,13
0.052423059940338135,0.031751544262327416,0.025397956371307373,0.022369515818955844,10.0,2,auto,rbf,cleaned_invariant+speed,"{'clf__C': 10, 'clf__degree': 2, 'clf__gamma': 'auto', 'clf__kernel': 'rbf', 'feature_selector__feature_set': 'cleaned_invariant+speed'}",0.45,0.9101123595505618,0.7731092436974789,0.6121212121212122,0.6863357038423132,0.1724586867564425,17,0.6,0.9101123595505618,0.8095238095238095,0.7037037037037037,0.7558349681945188,0.11585142555931867,13
0.01751953363418579,0.0050011589318582385,0.006947636604309082,0.0011567055508097763,10.0,2,auto,poly,basic,"{'clf__C': 10, 'clf__degree': 2, 'clf__gamma': 'auto', 'clf__kernel': 'poly', 'feature_selector__feature_set': 'basic'}",0.45,0.8062782671730462,0.6484865629420086,0.5151515151515151,0.6049790863166424,0.136475062257481,183,0.6,0.7865168539325843,0.6984126984126984,0.6296296296296297,0.6786397954937281,0.07178899849661026,215
0.017995834350585938,0.0029189983903630114,0.006247222423553467,0.001014804972491302,10.0,2,auto,poly,cleaned,"{'clf__C': 10, 'clf__degree': 2, 'clf__gamma': 'auto', 'clf__kernel': 'poly', 'feature_selector__feature_set': 'cleaned'}",0.45,0.7850945811406628,0.653061224489796,0.587737843551797,0.6189734122955639,0.1207123611071007,71,0.6,0.7752808988764045,0.7301587301587301,0.6666666666666666,0.6930265739254503,0.06613123159043088,211
0.08333820104598999,0.04716712753872852,0.05997025966644287,0.03499718842768682,10.0,2,auto,poly,cleaned+speed,"{'clf__C': 10, 'clf__degree': 2, 'clf__gamma': 'auto', 'clf__kernel': 'poly', 'feature_selector__feature_set': 'cleaned+speed'}",0.45,0.7850945811406628,0.6426073926073926,0.587737843551797,0.6163599543249632,0.12005744659447261,73,0.6,0.7752808988764045,0.7142857142857143,0.6666666666666666,0.6890583199571964,0.06423302310877028,213
0.012813031673431396,0.0038825289101698393,0.005779445171356201,0.0017878722577503079,10.0,2,auto,poly,invariant,"{'clf__C': 10, 'clf__degree': 2, 'clf__gamma': 'auto', 'clf__kernel': 'poly', 'feature_selector__feature_set': 'invariant'}",0.45,0.8202247191011236,0.6484865629420086,0.5333333333333333,0.6130111538441163,0.13884988083909322,103,0.6,0.8202247191011236,0.6984126984126984,0.6666666666666666,0.6963260210451222,0.07986491913684741,209
0.014736950397491455,0.005422689476740804,0.007449328899383545,0.004157776085750089,10.0,2,auto,poly,cleaned_invariant,"{'clf__C': 10, 'clf__degree': 2, 'clf__gamma': 'auto', 'clf__kernel': 'poly', 'feature_selector__feature_set': 'cleaned_invariant'}",0.45,0.8270270492173422,0.632213712838449,0.5333333333333333,0.610643523847281,0.14059721762544364,111,0.6,0.8314606741573034,0.6984126984126984,0.6666666666666666,0.699135009809167,0.08425044014011428,201
0.013342797756195068,0.004313843829024636,0.004830777645111084,0.00030303082885264974,10.0,2,auto,poly,cleaned_invariant+speed,"{'clf__C': 10, 'clf__degree': 2, 'clf__gamma': 'auto', 'clf__kernel': 'poly', 'feature_selector__feature_set': 'cleaned_invariant+speed'}",0.45,0.8270270492173422,0.6484865629420086,0.5333333333333333,0.614711736373171,0.14139566078760388,89,0.6,0.8314606741573034,0.6984126984126984,0.6666666666666666,0.699135009809167,0.08425044014011428,201
0.07682675123214722,0.0446869975298621,0.025618016719818115,0.024619088253013413,10.0,3,scale,rbf,basic,"{'clf__C': 10, 'clf__degree': 3, 'clf__gamma': 'scale', 'clf__kernel': 'rbf', 'feature_selector__feature_set': 'basic'}",0.45,0.8876404494382022,0.7964285714285714,0.6121212121212122,0.6865475582469964,0.16882403283870662,11,0.6,0.8876404494382022,0.8095238095238095,0.7037037037037037,0.7502169906664288,0.10854853284675736,33
0.016537725925445557,0.005336603184370897,0.006924748420715332,0.0004092651446362724,10.0,3,scale,rbf,cleaned,"{'clf__C': 10, 'clf__degree': 3, 'clf__gamma': 'scale', 'clf__kernel': 'rbf', 'feature_selector__feature_set': 'cleaned'}",0.45,0.8731531694260508,0.7731092436974789,0.6121212121212122,0.6770959063111854,0.16081920977026115,45,0.6,0.8764044943820225,0.8095238095238095,0.7037037037037037,0.747408001902384,0.10504481583400939,45
0.01732093095779419,0.003923792518391707,0.00912410020828247,0.003781117876407745,10.0,3,scale,rbf,cleaned+speed,"{'clf__C': 10, 'clf__degree': 3, 'clf__gamma': 'scale', 'clf__kernel': 'rbf', 'feature_selector__feature_set': 'cleaned+speed'}",0.45,0.8731531694260508,0.7964922206506364,0.6121212121212122,0.6829416505494749,0.16458394586313532,37,0.6,0.8764044943820225,0.8253968253968254,0.7037037037037037,0.7513762558706379,0.107585487183173,27
0.011753618717193604,0.0013381734965878475,0.008331239223480225,0.004167743713090875,10.0,3,scale,rbf,invariant,"{'clf__C': 10, 'clf__degree': 3, 'clf__gamma': 'scale', 'clf__kernel': 'rbf', 'feature_selector__feature_set': 'invariant'}",0.45,0.9012195530165249,0.7761921690112235,0.6121212121212122,0.6848832335372401,0.17000233085217642,29,0.6,0.898876404494382,0.7936507936507936,0.7037037037037037,0.7490577254622198,0.11035099810044229,39
0.05562180280685425,0.03450736078007036,0.029627323150634766,0.03489513587755135,10.0,3,scale,rbf,cleaned_invariant,"{'clf__C': 10, 'clf__degree': 3, 'clf__gamma': 'scale', 'clf__kernel': 'rbf', 'feature_selector__feature_set': 'cleaned_invariant'}",0.45,0.9101123595505618,0.7731092436974789,0.6121212121212122,0.6863357038423132,0.1724586867564425,17,0.6,0.9101123595505618,0.8095238095238095,0.7037037037037037,0.7558349681945188,0.11585142555931867,13
0.011732161045074463,0.0009235843452912309,0.007569253444671631,0.003525751075281103,10.0,3,scale,rbf,cleaned_invariant+speed,"{'clf__C': 10, 'clf__degree': 3, 'clf__gamma': 'scale', 'clf__kernel': 'rbf', 'feature_selector__feature_set': 'cleaned_invariant+speed'}",0.45,0.9101123595505618,0.7731092436974789,0.6121212121212122,0.6863357038423132,0.1724586867564425,17,0.6,0.9101123595505618,0.8095238095238095,0.7037037037037037,0.7558349681945188,0.11585142555931867,13
0.014800488948822021,0.0023082759335050925,0.006019651889801025,0.0005545706446616495,10.0,3,scale,poly,basic,"{'clf__C': 10, 'clf__degree': 3, 'clf__gamma': 'scale', 'clf__kernel': 'poly', 'feature_selector__feature_set': 'basic'}",0.8294117647058823,0.8762974852862493,0.5952380952380952,0.5151515151515151,0.7040247150954355,0.15240360385853016,7,0.84,0.9101123595505618,0.7142857142857143,0.6296296296296297,0.7735069258664765,0.10873155210570443,5
0.013763725757598877,0.0008726408466244186,0.006118953227996826,0.00045986931080343996,10.0,3,scale,poly,cleaned,"{'clf__C': 10, 'clf__degree': 3, 'clf__gamma': 'scale', 'clf__kernel': 'poly', 'feature_selector__feature_set': 'cleaned'}",0.8748663101604278,0.8510072468585864,0.6823176823176822,0.587737843551797,0.7489822707221234,0.11905861978619048,1,0.88,0.898876404494382,0.746031746031746,0.6666666666666666,0.7978937042981986,0.09598065905895141,1
0.054944515228271484,0.038822604315836604,0.017682194709777832,0.01853987150660871,10.0,3,scale,poly,cleaned+speed,"{'clf__C': 10, 'clf__degree': 3, 'clf__gamma': 'scale', 'clf__kernel': 'poly', 'feature_selector__feature_set': 'cleaned+speed'}",0.8748663101604278,0.8510072468585864,0.6823176823176822,0.5151515151515151,0.730835688622053,0.14496523977418443,3,0.88,0.898876404494382,0.746031746031746,0.6296296296296297,0.7886344450389394,0.10908537429917474,3
0.01106494665145874,0.0007539322954786377,0.0071790218353271484,0.0035797421016488876,10.0,3,scale,poly,invariant,"{'clf__C': 10, 'clf__degree': 3, 'clf__gamma': 'scale', 'clf__kernel': 'poly', 'feature_selector__feature_set': 'invariant'}",0.6070175438596492,0.8979711669612767,0.5952380952380952,0.6121212121212122,0.6780870045450583,0.12709773863749124,43,0.68,0.9213483146067416,0.7142857142857143,0.7037037037037037,0.75483443314904,0.09693504938606679,25
0.013181090354919434,0.0017835300524094559,0.00737839937210083,0.004272334423354711,10.0,3,scale,poly,cleaned_invariant,"{'clf__C': 10, 'clf__degree': 3, 'clf__gamma': 'scale', 'clf__kernel': 'poly', 'feature_selector__feature_set': 'cleaned_invariant'}",0.7285714285714286,0.8688200718073558,0.6215633423180593,0.6121212121212122,0.7077690137045141,0.10362203374192218,5,0.76,0.898876404494382,0.7142857142857143,0.7037037037037037,0.76921645562095,0.0777913112170684,7
0.014481306076049805,0.006103202815999341,0.005585372447967529,0.0009952774428648855,10.0,3,scale,poly,cleaned_invariant+speed,"{'clf__C': 10, 'clf__degree': 3, 'clf__gamma': 'scale', 'clf__kernel': 'poly', 'feature_selector__feature_set': 'cleaned_invariant+speed'}",0.6711018711018711,0.8688200718073558,0.6215633423180593,0.6121212121212122,0.6934016243371246,0.10372578618725777,9,0.72,0.898876404494382,0.7142857142857143,0.7037037037037037,0.75921645562095,0.08084440124887927,9
0.05178403854370117,0.029619002230711695,0.00985705852508545,0.0030655223475004774,10.0,3,auto,rbf,basic,"{'clf__C': 10, 'clf__degree': 3, 'clf__gamma': 'auto', 'clf__kernel': 'rbf', 'feature_selector__feature_set': 'basic'}",0.45,0.8876404494382022,0.7964285714285714,0.6121212121212122,0.6865475582469964,0.16882403283870662,11,0.6,0.8876404494382022,0.8095238095238095,0.7037037037037037,0.7502169906664288,0.10854853284675736,33
0.015189766883850098,0.0019300632108075167,0.007311999797821045,0.0014318836741173055,10.0,3,auto,rbf,cleaned,"{'clf__C': 10, 'clf__degree': 3, 'clf__gamma': 'auto', 'clf__kernel': 'rbf', 'feature_selector__feature_set': 'cleaned'}",0.45,0.8731531694260508,0.7731092436974789,0.6121212121212122,0.6770959063111854,0.16081920977026115,45,0.6,0.8764044943820225,0.8095238095238095,0.7037037037037037,0.747408001902384,0.10504481583400939,45
0.018063008785247803,0.007012404162655197,0.007173717021942139,0.0015312057176722145,10.0,3,auto,rbf,cleaned+speed,"{'clf__C': 10, 'clf__degree': 3, 'clf__gamma': 'auto', 'clf__kernel': 'rbf', 'feature_selector__feature_set': 'cleaned+speed'}",0.45,0.8731531694260508,0.7964922206506364,0.6121212121212122,0.6829416505494749,0.16458394586313532,37,0.6,0.8764044943820225,0.8253968253968254,0.7037037037037037,0.7513762558706379,0.107585487183173,27
0.012007474899291992,0.0011040409500346969,0.005643010139465332,0.0004554379167318221,10.0,3,auto,rbf,invariant,"{'clf__C': 10, 'clf__degree': 3, 'clf__gamma': 'auto', 'clf__kernel': 'rbf', 'feature_selector__feature_set': 'invariant'}",0.45,0.9012195530165249,0.7761921690112235,0.6121212121212122,0.6848832335372401,0.17000233085217642,29,0.6,0.898876404494382,0.7936507936507936,0.7037037037037037,0.7490577254622198,0.11035099810044229,39
0.01272815465927124,0.0027595780987138964,0.008197247982025146,0.004509973776488448,10.0,3,auto,rbf,cleaned_invariant,"{'clf__C': 10, 'clf__degree': 3, 'clf__gamma': 'auto', 'clf__kernel': 'rbf', 'feature_selector__feature_set': 'cleaned_invariant'}",0.45,0.9101123595505618,0.7731092436974789,0.6121212121212122,0.6863357038423132,0.1724586867564425,17,0.6,0.9101123595505618,0.8095238095238095,0.7037037037037037,0.7558349681945188,0.11585142555931867,13
0.015442132949829102,0.0033728258670810436,0.00540846586227417,0.00045031994714068654,10.0,3,auto,rbf,cleaned_invariant+speed,"{'clf__C': 10, 'clf__degree': 3, 'clf__gamma': 'auto', 'clf__kernel': 'rbf', 'feature_selector__feature_set': 'cleaned_invariant+speed'}",0.45,0.9101123595505618,0.7731092436974789,0.6121212121212122,0.6863357038423132,0.1724586867564425,17,0.6,0.9101123595505618,0.8095238095238095,0.7037037037037037,0.7558349681945188,0.11585142555931867,13
0.018680214881896973,0.005759379618584746,0.006631731986999512,0.001277691121406931,10.0,3,auto,poly,basic,"{'clf__C': 10, 'clf__degree': 3, 'clf__gamma': 'auto', 'clf__kernel': 'poly', 'feature_selector__feature_set': 'basic'}",0.8294117647058823,0.8762974852862493,0.5952380952380952,0.5151515151515151,0.7040247150954355,0.15240360385853016,7,0.84,0.9101123595505618,0.7142857142857143,0.6296296296296297,0.7735069258664765,0.10873155210570443,5
0.01373225450515747,0.0012071465275264846,0.006670773029327393,0.0009240030130421055,10.0,3,auto,poly,cleaned,"{'clf__C': 10, 'clf__degree': 3, 'clf__gamma': 'auto', 'clf__kernel': 'poly', 'feature_selector__feature_set': 'cleaned'}",0.8748663101604278,0.8510072468585864,0.6823176823176822,0.587737843551797,0.7489822707221234,0.11905861978619048,1,0.88,0.898876404494382,0.746031746031746,0.6666666666666666,0.7978937042981986,0.09598065905895141,1
0.014961302280426025,0.001987544902690336,0.006436944007873535,0.0008210390685850804,10.0,3,auto,poly,cleaned+speed,"{'clf__C': 10, 'clf__degree': 3, 'clf__gamma': 'auto', 'clf__kernel': 'poly', 'feature_selector__feature_set': 'cleaned+speed'}",0.8748663101604278,0.8510072468585864,0.6823176823176822,0.5151515151515151,0.730835688622053,0.14496523977418443,3,0.88,0.898876404494382,0.746031746031746,0.6296296296296297,0.7886344450389394,0.10908537429917474,3
0.011543452739715576,0.0014276641719603333,0.005232632160186768,0.00026002600575480316,10.0,3,auto,poly,invariant,"{'clf__C': 10, 'clf__degree': 3, 'clf__gamma': 'auto', 'clf__kernel': 'poly', 'feature_selector__feature_set': 'invariant'}",0.6070175438596492,0.8979711669612767,0.5952380952380952,0.6121212121212122,0.6780870045450583,0.12709773863749124,43,0.68,0.9213483146067416,0.7142857142857143,0.7037037037037037,0.75483443314904,0.09693504938606679,25
0.012089788913726807,0.0007675516219710366,0.00522303581237793,0.0003394966712928549,10.0,3,auto,poly,cleaned_invariant,"{'clf__C': 10, 'clf__degree': 3, 'clf__gamma': 'auto', 'clf__kernel': 'poly', 'feature_selector__feature_set': 'cleaned_invariant'}",0.7285714285714286,0.8688200718073558,0.6215633423180593,0.6121212121212122,0.7077690137045141,0.10362203374192218,5,0.76,0.898876404494382,0.7142857142857143,0.7037037037037037,0.76921645562095,0.0777913112170684,7
0.012278974056243896,0.00122313489336878,0.005250036716461182,0.0004384072759526874,10.0,3,auto,poly,cleaned_invariant+speed,"{'clf__C': 10, 'clf__degree': 3, 'clf__gamma': 'auto', 'clf__kernel': 'poly', 'feature_selector__feature_set': 'cleaned_invariant+speed'}",0.6711018711018711,0.8688200718073558,0.6215633423180593,0.6121212121212122,0.6934016243371246,0.10372578618725777,9,0.72,0.898876404494382,0.7142857142857143,0.7037037037037037,0.75921645562095,0.08084440124887927,9
0.014695942401885986,0.0016128514865578693,0.00664210319519043,0.0005302769288556151,10.0,4,scale,rbf,basic,"{'clf__C': 10, 'clf__degree': 4, 'clf__gamma': 'scale', 'clf__kernel': 'rbf', 'feature_selector__feature_set': 'basic'}",0.45,0.8876404494382022,0.7964285714285714,0.6121212121212122,0.6865475582469964,0.16882403283870662,11,0.6,0.8876404494382022,0.8095238095238095,0.7037037037037037,0.7502169906664288,0.10854853284675736,33
0.014958739280700684,0.0015600375178870826,0.006998240947723389,0.0007457047588386429,10.0,4,scale,rbf,cleaned,"{'clf__C': 10, 'clf__degree': 4, 'clf__gamma': 'scale', 'clf__kernel': 'rbf', 'feature_selector__feature_set': 'cleaned'}",0.45,0.8731531694260508,0.7731092436974789,0.6121212121212122,0.6770959063111854,0.16081920977026115,45,0.6,0.8764044943820225,0.8095238095238095,0.7037037037037037,0.747408001902384,0.10504481583400939,45
0.015674710273742676,0.0016507168420909044,0.007345438003540039,0.0007797418484625214,10.0,4,scale,rbf,cleaned+speed,"{'clf__C': 10, 'clf__degree': 4, 'clf__gamma': 'scale', 'clf__kernel': 'rbf', 'feature_selector__feature_set': 'cleaned+speed'}",0.45,0.8731531694260508,0.7964922206506364,0.6121212121212122,0.6829416505494749,0.16458394586313532,37,0.6,0.8764044943820225,0.8253968253968254,0.7037037037037037,0.7513762558706379,0.107585487183173,27
0.012384772300720215,0.0016071955972269125,0.005433261394500732,0.0004250499579635513,10.0,4,scale,rbf,invariant,"{'clf__C': 10, 'clf__degree': 4, 'clf__gamma': 'scale', 'clf__kernel': 'rbf', 'feature_selector__feature_set': 'invariant'}",0.45,0.9012195530165249,0.7761921690112235,0.6121212121212122,0.6848832335372401,0.17000233085217642,29,0.6,0.898876404494382,0.7936507936507936,0.7037037037037037,0.7490577254622198,0.11035099810044229,39
0.011982858180999756,0.0009867369820971714,0.005500197410583496,0.0006755772395163238,10.0,4,scale,rbf,cleaned_invariant,"{'clf__C': 10, 'clf__degree': 4, 'clf__gamma': 'scale', 'clf__kernel': 'rbf', 'feature_selector__feature_set': 'cleaned_invariant'}",0.45,0.9101123595505618,0.7731092436974789,0.6121212121212122,0.6863357038423132,0.1724586867564425,17,0.6,0.9101123595505618,0.8095238095238095,0.7037037037037037,0.7558349681945188,0.11585142555931867,13
0.012263000011444092,0.0011845047648965062,0.005664527416229248,0.0004706988232600618,10.0,4,scale,rbf,cleaned_invariant+speed,"{'clf__C': 10, 'clf__degree': 4, 'clf__gamma': 'scale', 'clf__kernel': 'rbf', 'feature_selector__feature_set': 'cleaned_invariant+speed'}",0.45,0.9101123595505618,0.7731092436974789,0.6121212121212122,0.6863357038423132,0.1724586867564425,17,0.6,0.9101123595505618,0.8095238095238095,0.7037037037037037,0.7558349681945188,0.11585142555931867,13
0.014510512351989746,0.0011255521750438559,0.006330668926239014,0.0004782633426759097,10.0,4,scale,poly,basic,"{'clf__C': 10, 'clf__degree': 4, 'clf__gamma': 'scale', 'clf__kernel': 'poly', 'feature_selector__feature_set': 'basic'}",0.45,0.8453718566078117,0.5874499332443258,0.5151515151515151,0.5994933262509131,0.1500525663714785,201,0.6,0.8876404494382022,0.6984126984126984,0.6296296296296297,0.7039206943701326,0.11191733494010961,183
0.014570772647857666,0.0016817537241943174,0.006190776824951172,0.0003030577282271414,10.0,4,scale,poly,cleaned,"{'clf__C': 10, 'clf__degree': 4, 'clf__gamma': 'scale', 'clf__kernel': 'poly', 'feature_selector__feature_set': 'cleaned'}",0.4307692307692308,0.8510072468585864,0.5874499332443258,0.5151515151515151,0.5960944815059145,0.15727320853199225,213,0.56,0.898876404494382,0.6984126984126984,0.6296296296296297,0.6967296831341776,0.12655389457400515,205
0.014929652214050293,0.0011577250544024086,0.006423771381378174,0.00047658074085809714,10.0,4,scale,poly,cleaned+speed,"{'clf__C': 10, 'clf__degree': 4, 'clf__gamma': 'scale', 'clf__kernel': 'poly', 'feature_selector__feature_set': 'cleaned+speed'}",0.4307692307692308,0.8510072468585864,0.5874499332443258,0.5151515151515151,0.5960944815059145,0.15727320853199225,213,0.56,0.898876404494382,0.6984126984126984,0.6296296296296297,0.6967296831341776,0.12655389457400515,205
0.012024998664855957,0.0012400601422733466,0.005053222179412842,0.00035656311059536035,10.0,4,scale,poly,invariant,"{'clf__C': 10, 'clf__degree': 4, 'clf__gamma': 'scale', 'clf__kernel': 'poly', 'feature_selector__feature_set': 'invariant'}",0.4307692307692308,0.8510072468585864,0.5795148247978437,0.5333333333333333,0.5986561589397486,0.15532269187267184,205,0.56,0.898876404494382,0.6825396825396826,0.6666666666666666,0.7020206884251828,0.12303603672775361,191
0.012646377086639404,0.0008215271560757779,0.005485892295837402,0.0005543621751965444,10.0,4,scale,poly,cleaned_invariant,"{'clf__C': 10, 'clf__degree': 4, 'clf__gamma': 'scale', 'clf__kernel': 'poly', 'feature_selector__feature_set': 'cleaned_invariant'}",0.4307692307692308,0.8510072468585864,0.5795148247978437,0.5333333333333333,0.5986561589397486,0.15532269187267184,205,0.56,0.898876404494382,0.6825396825396826,0.6666666666666666,0.7020206884251828,0.12303603672775361,191
0.012103676795959473,0.0010056464366244627,0.005058109760284424,0.00034786248597791996,10.0,4,scale,poly,cleaned_invariant+speed,"{'clf__C': 10, 'clf__degree': 4, 'clf__gamma': 'scale', 'clf__kernel': 'poly', 'feature_selector__feature_set': 'cleaned_invariant+speed'}",0.4307692307692308,0.8510072468585864,0.5795148247978437,0.5333333333333333,0.5986561589397486,0.15532269187267184,205,0.56,0.898876404494382,0.6825396825396826,0.6666666666666666,0.7020206884251828,0.12303603672775361,191
0.014152824878692627,0.001294640725793181,0.006681203842163086,0.0005991845255081712,10.0,4,auto,rbf,basic,"{'clf__C': 10, 'clf__degree': 4, 'clf__gamma': 'auto', 'clf__kernel': 'rbf', 'feature_selector__feature_set': 'basic'}",0.45,0.8876404494382022,0.7964285714285714,0.6121212121212122,0.6865475582469964,0.16882403283870662,11,0.6,0.8876404494382022,0.8095238095238095,0.7037037037037037,0.7502169906664288,0.10854853284675736,33
0.014267146587371826,0.001272526500235749,0.006719231605529785,0.0007094802635244155,10.0,4,auto,rbf,cleaned,"{'clf__C': 10, 'clf__degree': 4, 'clf__gamma': 'auto', 'clf__kernel': 'rbf', 'feature_selector__feature_set': 'cleaned'}",0.45,0.8731531694260508,0.7731092436974789,0.6121212121212122,0.6770959063111854,0.16081920977026115,45,0.6,0.8764044943820225,0.8095238095238095,0.7037037037037037,0.747408001902384,0.10504481583400939,45
0.014612734317779541,0.0015135650272650113,0.006841301918029785,0.0007162669603317161,10.0,4,auto,rbf,cleaned+speed,"{'clf__C': 10, 'clf__degree': 4, 'clf__gamma': 'auto', 'clf__kernel': 'rbf', 'feature_selector__feature_set': 'cleaned+speed'}",0.45,0.8731531694260508,0.7964922206506364,0.6121212121212122,0.6829416505494749,0.16458394586313532,37,0.6,0.8764044943820225,0.8253968253968254,0.7037037037037037,0.7513762558706379,0.107585487183173,27
0.011637687683105469,0.0005342948654822454,0.005402028560638428,0.0006341112990513667,10.0,4,auto,rbf,invariant,"{'clf__C': 10, 'clf__degree': 4, 'clf__gamma': 'auto', 'clf__kernel': 'rbf', 'feature_selector__feature_set': 'invariant'}",0.45,0.9012195530165249,0.7761921690112235,0.6121212121212122,0.6848832335372401,0.17000233085217642,29,0.6,0.898876404494382,0.7936507936507936,0.7037037037037037,0.7490577254622198,0.11035099810044229,39
0.011757373809814453,0.0010944182549623763,0.00540769100189209,0.0006206402550700548,10.0,4,auto,rbf,cleaned_invariant,"{'clf__C': 10, 'clf__degree': 4, 'clf__gamma': 'auto', 'clf__kernel': 'rbf', 'feature_selector__feature_set': 'cleaned_invariant'}",0.45,0.9101123595505618,0.7731092436974789,0.6121212121212122,0.6863357038423132,0.1724586867564425,17,0.6,0.9101123595505618,0.8095238095238095,0.7037037037037037,0.7558349681945188,0.11585142555931867,13
0.011912763118743896,0.0008439373200365909,0.005653262138366699,0.0007499039133093852,10.0,4,auto,rbf,cleaned_invariant+speed,"{'clf__C': 10, 'clf__degree': 4, 'clf__gamma': 'auto', 'clf__kernel': 'rbf', 'feature_selector__feature_set': 'cleaned_invariant+speed'}",0.45,0.9101123595505618,0.7731092436974789,0.6121212121212122,0.6863357038423132,0.1724586867564425,17,0.6,0.9101123595505618,0.8095238095238095,0.7037037037037037,0.7558349681945188,0.11585142555931867,13
0.014093935489654541,0.001484257830268236,0.0061980485916137695,0.00048290541411014407,10.0,4,auto,poly,basic,"{'clf__C': 10, 'clf__degree': 4, 'clf__gamma': 'auto', 'clf__kernel': 'poly', 'feature_selector__feature_set': 'basic'}",0.45,0.8453718566078117,0.5874499332443258,0.5151515151515151,0.5994933262509131,0.1500525663714785,201,0.6,0.8876404494382022,0.6984126984126984,0.6296296296296297,0.7039206943701326,0.11191733494010961,183
0.014191269874572754,0.001449042795498388,0.00633394718170166,0.0002865788593465488,10.0,4,auto,poly,cleaned,"{'clf__C': 10, 'clf__degree': 4, 'clf__gamma': 'auto', 'clf__kernel': 'poly', 'feature_selector__feature_set': 'cleaned'}",0.4307692307692308,0.8510072468585864,0.5874499332443258,0.5151515151515151,0.5960944815059145,0.15727320853199225,213,0.56,0.898876404494382,0.6984126984126984,0.6296296296296297,0.6967296831341776,0.12655389457400515,205
0.014603257179260254,0.001517042604237987,0.006366729736328125,0.000349178762407495,10.0,4,auto,poly,cleaned+speed,"{'clf__C': 10, 'clf__degree': 4, 'clf__gamma': 'auto', 'clf__kernel': 'poly', 'feature_selector__feature_set': 'cleaned+speed'}",0.4307692307692308,0.8510072468585864,0.5874499332443258,0.5151515151515151,0.5960944815059145,0.15727320853199225,213,0.56,0.898876404494382,0.6984126984126984,0.6296296296296297,0.6967296831341776,0.12655389457400515,205
0.011992931365966797,0.0011710552575931264,0.0049707889556884766,0.000360330502402088,10.0,4,auto,poly,invariant,"{'clf__C': 10, 'clf__degree': 4, 'clf__gamma': 'auto', 'clf__kernel': 'poly', 'feature_selector__feature_set': 'invariant'}",0.4307692307692308,0.8510072468585864,0.5795148247978437,0.5333333333333333,0.5986561589397486,0.15532269187267184,205,0.56,0.898876404494382,0.6825396825396826,0.6666666666666666,0.7020206884251828,0.12303603672775361,191
0.01194906234741211,0.0015574708963044322,0.005264341831207275,0.00032475027719614864,10.0,4,auto,poly,cleaned_invariant,"{'clf__C': 10, 'clf__degree': 4, 'clf__gamma': 'auto', 'clf__kernel': 'poly', 'feature_selector__feature_set': 'cleaned_invariant'}",0.4307692307692308,0.8510072468585864,0.5795148247978437,0.5333333333333333,0.5986561589397486,0.15532269187267184,205,0.56,0.898876404494382,0.6825396825396826,0.6666666666666666,0.7020206884251828,0.12303603672775361,191
0.011529982089996338,0.00098307451603039,0.004801452159881592,0.00019714573926117105,10.0,4,auto,poly,cleaned_invariant+speed,"{'clf__C': 10, 'clf__degree': 4, 'clf__gamma': 'auto', 'clf__kernel': 'poly', 'feature_selector__feature_set': 'cleaned_invariant+speed'}",0.4307692307692308,0.8510072468585864,0.5795148247978437,0.5333333333333333,0.5986561589397486,0.15532269187267184,205,0.56,0.898876404494382,0.6825396825396826,0.6666666666666666,0.7020206884251828,0.12303603672775361,191
